smiles,target,dataset
C1CCCCCC1,-0.2423518640961206,esol
O=C1NC(=O)NC(=O)C1(CC=C)CC=C,0.4368508859841427,esol
Clc1ccc(cc1)c2cccc(Cl)c2Cl ,-1.5599957197996326,esol
CC(=O)OCC(=O)C3(O)C(CC4C2CCC1=CC(=O)C=CC1(C)C2(F)C(O)CC34C)OC(C)=O ,-0.5362148822746018,esol
CCCCN(CC)C(=O)SCCC,-0.2518313162954265,esol
CCOC2Oc1ccc(OS(C)(=O)=O)cc1C2(C)C,-0.1996943291992444,esol
CCCCCCc1ccccc1,-1.048105301037117,esol
C1N(C(=O)NCC(C)C)C(=O)NC1,0.4022508854566765,esol
CC34CCc1c(ccc2cc(O)ccc12)C3CCC4=O,-1.062324479336076,esol
O=N(=O)c1c(Cl)c(Cl)ccc1,-0.2281326857971619,esol
NC(=O)N,1.8763057024487344,esol
C(Cc1ccccc1)c2ccccc2,-0.768461461157595,esol
Cc1ccccc1C,0.0941686889792366,esol
Cc1cc(C)c(O)c(C)c1,0.4496481464532057,esol
Cc1occc1C(=O)Nc2ccccc2,-0.1428176160034093,esol
CC(C)C=C,0.127346771676807,esol
OCc1ccccc1,1.2317029528959376,esol
CCCC(C)(COC(N)=O)COC(N)=O ,0.5648234906747716,esol
ClC4=C(Cl)C5(Cl)C3C1CC(C2OC12)C3C4(Cl)C5(Cl)Cl,-1.5599957197996326,esol
CCBr,0.904661852019886,esol
Cc1ccc(O)cc1,1.075291991607391,esol
COP(=S)(OC)Oc1cc(Cl)c(Cl)cc1Cl,-1.289831332119416,esol
CCOC(=O)c1ccc(N)cc1,0.1813796492128502,esol
CC=CC=O,1.5729632320709477,esol
Cc2cccc3sc1nncn1c23 ,0.4401686942538999,esol
CC(C)N(C(=O)CCl)c1ccccc1 ,0.24583992416813,esol
Oc1cccc(Cl)c1Cl,0.8051276039271746,esol
FC(F)(Cl)C(F)(F)Cl,0.122607045577154,esol
Nc1ccccc1N(=O)=O,0.4923056813500819,esol
Clc1cccc(Cl)c1c2c(Cl)cccc2Cl ,-2.081365590761454,esol
CNC(=O)C=C(C)OP(=O)(OC)OC,1.7298481659694591,esol
OC(C(=O)c1ccccc1)c2ccccc2,0.0704700584809719,esol
CCNc1nc(Cl)nc(NC(C)(C)C#N)n1,-0.0717217245086155,esol
Fc1ccccc1Br,0.1415659499757657,esol
Cc1c(cc(cc1N(=O)=O)N(=O)=O)N(=O)=O,-0.1048998072061861,esol
CCOc1ccccc1,0.3169358156629238,esol
CCCC(O)CCC,0.7577303429306455,esol
CNC(=O)C(C)SCCSP(=O)(OC)(OC),1.963516662682348,esol
CC(=O)Nc1ccc(Br)cc1,-0.0399655596409411,esol
c1(C#N)c(Cl)c(C#N)c(Cl)c(Cl)c(Cl)1,-1.2519135233221923,esol
BrC(Br)(Br)Br,-0.0669819984089627,esol
CCCCC(C)CC,-1.0244066705388526,esol
ClC1CC2C(C1Cl)C3(Cl)C(=C(Cl)C2(Cl)C3(Cl)Cl)Cl,-1.8301601074798493,esol
CCOP(=S)(OCC)SCSC(C)(C)C,-0.8324477635029093,esol
CCCCC(=O)C,1.0421139089098206,esol
CC(C)OC(=O)Nc1cccc(Cl)c1,-0.1807354248006327,esol
CC1OC(CC(O)C1O)OC2C(O)CC(OC2C)OC8C(O)CC(OC7CCC3(C)C(CCC4C3CCC5(C)C(CCC45O)C6=CC(=O)OC6)C7)OC8C ,-1.087445027664236,esol
CC1CC(C)C(=O)C(C1)C(O)CC2CC(=O)NC(=O)C2 ,0.8857029476212743,esol
O=Cc2ccc1OCOc1c2 ,0.6487166426386283,esol
Cc1ccccc1n3c(C)nc2ccccc2c3=O,0.0349221127335751,esol
Oc1ccccc1N(=O)=O,0.5965796555424462,esol
c1ccccc1SC,0.2884974590650063,esol
CC(C)C(C(=O)OC(C#N)c1cccc(Oc2ccccc2)c1)c3ccc(OC(F)F)cc3,-1.8377436692392937,esol
Oc1cc(Cl)ccc1Oc2ccc(Cl)cc2Cl,-0.6926258435631482,esol
CCC(C)C(C)C,-0.6073107737693957,esol
O=C1N(COC(=O)CCCCC)C(=O)C(N1)(c2ccccc2)c3ccccc3,-1.368510785373655,esol
OCCOc1ccccc1,1.08951116990635,esol
C1c2ccccc2c3cc4ccccc4cc13,-2.389447787238893,esol
COc2cc1c(N)nc(nc1c(OC)c2OC)N3CCN(CC3)C(=O)OCC(C)(C)O ,-0.3030203581716781,esol
CN(C)C(=O)Nc1ccccc1,0.662935820937587,esol
Nc1ccc(cc1)S(N)(=O)=O,0.7861686995285629,esol
CCN(CC)C(=S)SCC(Cl)=C,-0.1854751509002857,esol
CCCCCCCCCCO,-0.2992285772919557,esol
CCCCCCCCC(=O)OC,-0.1807354248006327,esol
CCC(Br)(CC)C(=O)NC(N)=O,0.1510454021750715,esol
COP(=S)(OC)SCC(=O)N(C(C)C)c1ccc(Cl)cc1,-0.6793546104841202,esol
Clc1ccc(Cl)c(c1)c2cccc(Cl)c2Cl ,-1.645310789593385,esol
CCCOC=O,1.1890454179990613,esol
CC5(C)OC4CC3C2CCC1=CC(=O)C=CC1(C)C2(F)C(O)CC3(C)C4(O5)C(=O)CO ,-0.6215299520683542,esol
CCC(=O)OC3CCC4C2CCC1=CC(=O)CCC1(C)C2CCC34C ,-1.123940918631564,esol
CON(C)C(=O)Nc1ccc(Cl)c(Cl)c1,-0.2812176181132747,esol
Cc3cc2nc1c(=O)[nH]c(=O)nc1n(CC(O)C(O)C(O)CO)c2cc3C,-0.3252970708400469,esol
c2ccc1[nH]ccc1c2,0.7008536297348104,esol
Clc1ccc(c(Cl)c1Cl)c2c(Cl)cc(Cl)c(Cl)c2Cl ,-2.2093381954520823,esol
Oc1cc(Cl)cc(Cl)c1,0.7861686995285629,esol
CC#N,1.5445248754730303,esol
Clc1ccc(c(Cl)c1)c2c(Cl)ccc(Cl)c2Cl ,-2.100324495160065,esol
Cc1ccc(cc1)c2ccccc2,-0.768461461157595,esol
Clc1ccc(cc1)c2c(Cl)cccc2Cl ,-1.4888998283048387,esol
CCC(=O)CC,1.2885796660917723,esol
CCOP(=S)(OCC)N2C(=O)c1ccccc1C2=O,-0.166516246501674,esol
CC34CCC1C(CCc2cc(O)ccc12)C3CCC4(O)C#C ,-0.6167902259687014,esol
NC(=O)CCl ,1.4118125446827483,esol
Nc1ccccc1,1.2269632267962844,esol
CCCC(=O)OC,0.5112645857486936,esol
CC34CCC1C(CCC2CC(O)CCC12C)C3CCC4=O,-0.5504340605735606,esol
Nc1nccs1 ,1.2506618572945492,esol
CC(C)(C)c1ccccc1,-0.3134477555909146,esol
O=N(=O)c1cc(Cl)c(Cl)cc1,-0.0954203550068803,esol
O2c1ccccc1N(CC)C(=O)c3ccccc23 ,-0.3229272077902205,esol
BrC(Br)Br,0.5160043118483465,esol
CN(C)C(=O)Nc1cccc(c1)C(F)(F)F,-0.2044340552988974,esol
Sc2nc1ccccc1s2 ,-0.0859409028075744,esol
CC12CCC(CC1)C(C)(C)O2,0.5965796555424462,esol
Cc1ccc2cc3ccccc3cc2c1,-1.8775573684763784,esol
CCN(Cc1c(F)cccc1Cl)c2c(cc(cc2N(=O)=O)C(F)(F)F)N(=O)=O,-1.792242298682626,esol
CCC(C)(C)CC,-0.5836121432711312,esol
Brc1ccccc1Br,-0.2376121379964678,esol
FC(F)(F)c1cccc(c1)N2CC(CCl)C(Cl)C2=O,-0.4968751556474824,esol
Clc1cccc(Cl)c1,-0.0195847374124335,esol
COc1ccccc1,0.544442668446264,esol
Clc1ccc(CN(C2CCCC2)C(=O)Nc3ccccc3)cc1,-1.3822559910626482,esol
O=Cc1ccccc1,0.8572645910233568,esol
Nc1ncnc2nc[nH]c12 ,0.4164700637556351,esol
CSc1nnc(c(=O)n1N)C(C)(C)C,0.3534317066302512,esol
Cn2cc(c1ccccc1)c(=O)c(c2)c3cccc(c3)C(F)(F)F,-0.6855162544136689,esol
CCCCCC=O,0.8051276039271746,esol
CCNc1nc(Cl)nc(NC(C)C)n1,-0.40350255148432,esol
CCCCCCC#C,-0.3134477555909146,esol
CCS,1.136908430902879,esol
CCC(C(CC)c1ccc(O)cc1)c2ccc(O)cc2,-0.6784066652641892,esol
CN(C)C(=O)OC1=CC(=O)CC(C)(C)C1 ,1.018415278411556,esol
CN(C)C(=O)Nc1ccc(c(Cl)c1)n2nc(oc2=O)C(C)(C)C,-0.6300614590477298,esol
Fc1ccc(F)cc1,0.487565955250429,esol
COC(=O)C,1.639319397466089,esol
CCCCCCC(=O)C,0.4496481464532057,esol
Cc1ccccc1Br,0.3643330766594531,esol
CC(C)C(C)O,1.3359769270883015,esol
Clc2ccc(Oc1ccc(cc1)N(=O)=O)c(Cl)c2,-1.1665984535284402,esol
Oc1ccc(O)cc1,1.3407166531879546,esol
ClC(Br)Br,0.5207440379479995,esol
CC1=C(C(=O)Nc2ccccc2)S(=O)(=O)CCO1,0.3401604735512231,esol
CCOP(=S)(OCC)SCCSCC,-0.5836121432711312,esol
CC(OC(=O)Nc1cccc(Cl)c1)C#C,0.180905676602885,esol
CC(C)C1CCC(C)CC1=O,0.307456363463618,esol
CN(C)C(=O)Nc1ccc(Cl)cc1,0.0515111540823602,esol
CC(C)CCO,1.1795659657997553,esol
CN(C)C(=O)C(c1ccccc1)c2ccccc2 ,0.008853619185484,esol
Oc1ccc(Cl)c(Cl)c1,0.8288262344254392,esol
CC(C)C(O)C(C)C,0.843045412724398,esol
O=C1N(C2CCC(=O)NC2=O)C(=O)c3ccccc13,0.1529412926149327,esol
c1ccc(cc1)c2ccc(cc2)c3ccccc3,-1.9486532599711723,esol
C1CCC2CCCCC2C1,-1.0386258488378115,esol
CCCBr,0.6013193816420991,esol
O=C1NC(=O)NC(=O)C1(C)CC,0.8392536318446757,esol
CCCCCO,1.136908430902879,esol
O=C1NC(=O)NC(=O)C1(CC)CCC(C)C,0.1614727995943081,esol
O=C1N(COC(=O)CCCCCCC)C(=O)C(N1)(c2ccccc2)c3ccccc3,-1.6704313379215454,esol
CCCCC(C)(C)O,0.9094015781195388,esol
C#C,1.558744053771989,esol
Fc1cccc(F)c1C(=O)NC(=O)Nc2cc(Cl)c(F)c(Cl)c2F ,-2.029228603665272,esol
c1ccccc1n2ncc(N)c(Br)c2(=O),-0.0608203544794138,esol
CCOP(=S)(OCC)Oc2ccc1oc(=O)c(Cl)c(C)c1c2,-1.1296285899511478,esol
O=C1NC(=O)NC(=O)C1(C)CC=C,0.8714837693223155,esol
CCO,1.942661867843876,esol
OCC(NC(=O)C(Cl)Cl)C(O)c1ccc(cc1)N(=O)=O,0.4207358172453227,esol
Clc1cc(Cl)c(c(Cl)c1)c2c(Cl)cccc2Cl,-2.0481875080638834,esol
O=N(=O)c1ccccc1N(=O)=O,-0.048023094010351,esol
ClC(Cl)C(c1ccc(Cl)cc1)c2ccccc2Cl ,-1.6642696939919968,esol
CC(C)CCCO,0.8809632215216214,esol
CCCCC=O,1.018415278411556,esol
CCOP(=S)(OCC)Oc1nc(Cl)c(Cl)cc1Cl ,-1.2661327016211514,esol
Clc1cc(Cl)c(Cl)c(Cl)c1,-0.7732011872572477,esol
CNC(=O)Oc1ccccc1C2OCCO2,0.6771549992365458,esol
CC(Cl)(Cl)Cl,0.4733467769514702,esol
CCCCCC,-0.398762825384667,esol
c1ccc2c(c1)c3cccc4cccc2c34,-1.422543662909698,esol
CCCCCCCCCC(C)O,0.0278125235840957,esol
NS(=O)(=O)c2cc1c(NC(NS1(=O)=O)C(Cl)Cl)cc2Cl ,0.1510454021750715,esol
N(=Nc1ccccc1)c2ccccc2,-0.6878861174634954,esol
Cc1ccccc1O,1.1274289787035732,esol
Oc2cc(O)c1C(=O)CC(Oc1c2)c3ccc(O)c(O)c3,-0.2944888511923029,esol
CC(=O)Nc1ccc(cc1)N(=O)=O,0.145357730855488,esol
O=C2NC(=O)C1(CCCC1)C(=O)N2,0.3079303360735832,esol
CCCCCCCCO,0.2884974590650063,esol
CNC(=O)Oc1ccc(N(C)C)c(C)c1,0.3027166373639651,esol
CC1(C)C2CCC1(C)C(O)C2,0.3216755417625768,esol
OCCCC=C,1.3501961053872604,esol
c1cc2ccc3ccc4ccc5ccc6ccc1c7c2c3c4c5c67,-3.001820399314051,esol
CC(C)CBr,0.2695385546663946,esol
Cc1ccc(N)cc1,0.8477851388240509,esol
ClC1=C(Cl)C(Cl)(C(=C1Cl)Cl)C2(Cl)C(=C(Cl)C(=C2Cl)Cl)Cl,-2.028280658445341,esol
N(c1ccccc1)c2ccccc2,-0.239508028436329,esol
Clc2ccc1oc(=O)[nH]c1c2,0.0794755380703123,esol
ClCC(Cl)Cl,0.719812534133422,esol
CCOCC,1.378634461985178,esol
C1c2ccccc2c3ccccc13,-0.948571052944406,esol
c1ccccc1NC(=O)c2c(O)cccc2,-0.280269672893344,esol
c2ccc1nc(ccc1c2)c4ccc3ccccc3n4 ,-1.1381600969305228,esol
c1ccc2c(c1)ccc3ccccc32,-1.0718039315353818,esol
Nc1ccc(cc1)S(=O)(=O)c2ccc(N)cc2,-0.0451792583505592,esol
CC(C)=CCCC(O)(C)C=C,0.4780865030511231,esol
C/C1CCC(\C)CC1,-0.6973655696628009,esol
CC1CCCCC1NC(=O)Nc2ccccc2,-0.5267354300752961,esol
CN(C)C(=O)Oc1cc(C)nn1c2ccccc2,0.430689242054594,esol
c1(Br)c(Br)cc(Br)cc1,-0.7115847479617599,esol
CCNc1ccccc1,0.6155385599410579,esol
CC1(C)C(C=C(Cl)C(F)(F)F)C1C(=O)OC(C#N)c2cccc(Oc3ccccc3)c2,-2.453908062194173,esol
CCOP(=S)(OCC)Oc1cc(C)nc(n1)C(C)C,-0.3039683033916088,esol
CCOC(=O)c1ccc(O)cc1,0.307456363463618,esol
CC1OC(CC(O)C1O)OC2C(O)CC(OC2C)OC8C(O)CC(OC7CCC3(C)C(CCC4C3CC(O)C5(C)C(CCC45O)C6=CC(=O)OC6)C7)OC8C ,-0.5129902243863027,esol
CCN(=O)=O,1.31701802268969,esol
CC(C)c1ccccc1,-0.1285984377044506,esol
CCC(C)C,-0.0859409028075744,esol
N#Cc1ccccc1,0.9473193869167622,esol
C/C1CCCCC1\C,-0.6167902259687014,esol
CCCC(=O)OCC,0.776689247329257,esol
Clc1cccc(c1)c2cc(Cl)ccc2Cl ,-1.4272833890093508,esol
CCCCCCCCC,-1.3656669497138627,esol
CCc1ccc(CC)cc1,-0.3561052904877908,esol
CC/C=C\C,0.2174015675702125,esol
c1ccccc1(OC(=O)NC),0.5667193811146328,esol
CC(C)COC(=O)C,0.8477851388240509,esol
Cc1ccc(C)cc1,0.1083878672781953,esol
Cc1cc(C)cc(O)c1,0.7577303429306455,esol
CCCCSP(=O)(SCCCC)SCCCC,-1.0149272183395466,esol
CCCCC#C,0.3027166373639651,esol
c2ccc1[nH]ncc1c2 ,0.3975111593570234,esol
CCNc1nc(NC(C)C)nc(OC)n1,0.4335330777143856,esol
c2cnc1ncncc1n2,1.43077144908136,esol
ClC(Cl)C(Cl)(Cl)Cl,0.1889632109722949,esol
CCCC(C)(O)CC,0.956798839116068,esol
CCCC(C)(C)C,-0.6452285825666191,esol
OC(CC(c1ccccc1)c3c(O)c2ccccc2oc3=O)c4ccc(cc4)c5ccc(Br)cc5 ,-0.6855162544136689,esol
CC12CCC(CC1)C(C)(C)O2 ,0.6439769165389754,esol
CC1=C(CCCO1)C(=O)Nc2ccccc2 ,0.2079221153709066,esol
COc1ccc(cc1)C(c2ccc(OC)cc2)C(Cl)(Cl)Cl,-1.844379285778808,esol
O=C2NC(=O)C1(CCCCC1)C(=O)N2,-0.0290641896117393,esol
CCCCCCCCCC(=O)OCC,-0.5219957039756429,esol
CC1(O)CCC2C3CCC4=CC(=O)CCC4(C)C3CCC21C,-0.4741244703691486,esol
C1CCCC1,0.1700043065736832,esol
OC(Cn1cncn1)(Cn2cncn2)c3ccc(F)cc3F ,0.5681412989445286,esol
COC1=CC(=O)CC(C)C13Oc2c(Cl)c(OC)cc(OC)c2C3=O,-0.1172230950652838,esol
CCCCCCCCCO,-0.0053655591134746,esol
CCCN(CCC)c1c(cc(cc1N(=O)=O)S(N)(=O)=O)N(=O)=O,-1.0244066705388526,esol
CCCCC(O)CC,0.724552260233075,esol
Oc1ccc(C=O)cc1,0.966278291315374,esol
c1ccc(cc1)c2ccccc2,-0.6381189934171395,esol
CCCC(C)(C)CO,0.7008536297348104,esol
CCC(C)CO,1.1985248701983668,esol
CN(C)c1ccccc1,0.5112645857486936,esol
CCCCCC(O)CC,0.482826229150776,esol
Oc1c(Cl)cccc1Cl,0.5728810250441815,esol
Cc1cc2ccccc2cc1C,-0.815858722154124,esol
CN2C(=O)CN=C(c1ccccc1)c3cc(Cl)ccc23,-0.358001180927652,esol
CCCCCCCCCCCCCCCCO,-1.8965162728749896,esol
CCCCCCC(C)O,0.430689242054594,esol
CCCCI,0.0183330713847898,esol
c2ccc1NCCc1c2 ,0.9283604825181504,esol
O=C1N(COC(=O)C)C(=O)C(N1)(c2ccccc2)c3ccccc3,-0.6973655696628009,esol
CCCCCCO,0.8335659605250921,esol
CCN2c1cc(OC)cc(C)c1NC(=O)c3cccnc23 ,-1.0210888622690957,esol
Nc1cccc(c1)N(=O)=O,0.3832919810580648,esol
CC(C)Nc1nc(Cl)nc(NC(C)C)n1,-0.6784066652641892,esol
Oc1c(Cl)cc(Cl)cc1Cl,0.312196089563271,esol
COc2cnc1cncnc1n2,0.9899769218136384,esol
COCC(=O)N(C(C)C(=O)OC)c1c(C)cccc1C ,0.6624618483276218,esol
O=N(=O)c1cc(cc(c1)N(=O)=O)N(=O)=O,0.0515111540823602,esol
c1ccc2cc3cc4ccccc4cc3cc2c1,-2.654872448819457,esol
C,0.9947166479132916,esol
COP(=S)(OC)Oc1ccc(N(=O)=O)c(C)c1,-0.4935573473777255,esol
Cn2c(=O)n(C)c1ncn(CC(O)CO)c1c2=O,1.3407166531879546,esol
Cc1cccc2c1Cc3ccccc32,-1.05284502713677,esol
Cc1ccc2ccccc2c1,-0.3655847426870967,esol
CS(=O)(=O)c1ccc(cc1)C(O)C(CO)NC(=O)C(Cl)Cl ,0.4003549950168152,esol
c1cncnc1,1.942661867843876,esol
OC(c1ccc(Cl)cc1)(c2cncnc2)c3ccccc3Cl,-0.6547080347659248,esol
OCC1OC(O)C(O)C(O)C1O,1.7720317282563702,esol
Nc1nc(=O)[nH]cc1F,0.9605906199957904,esol
C1CCc2ccccc2C1,-0.649968308666272,esol
COc1ccc(cc1)N(=O)=O,0.2790180068657004,esol
O=C1N(COC(=O)CCCCCC)C(=O)C(N1)(c2ccccc2)c3ccccc3,-1.5652094185092509,esol
Fc1cccc(Br)c1,0.1557851282747246,esol
CCCCCC(C)(C)O,0.606059107741752,esol
CCC(O)CC,1.3075385704903844,esol
CCC(O)(CC)CC,1.018415278411556,esol
COc1ccccc1O,0.4923056813500819,esol
COc1ccccc1Cl,0.2553193763674359,esol
CCCCC(C)O,0.9994563740129444,esol
CC(C)CO,1.4686892578785835,esol
CCc1ccccc1CC,-0.1333381638041035,esol
Cc2cnc1cncnc1n2,1.016519387971695,esol
ClC(=C)Cl,0.6439769165389754,esol
Oc1c(Cl)c(Cl)c(Cl)c(Cl)c1Cl,-0.6073107737693957,esol
Cc1cc(=O)[nH]c(=S)[nH]1,0.2666947190066029,esol
CCOC=O,1.492387888376848,esol
CCCN(=O)=O,1.0421139089098206,esol
COC(=O)c1ccccc1C(=O)OC,0.6344974643396696,esol
CCOC(=O)CC,1.1084700743049614,esol
CCC(C)(O)CC,1.2506618572945492,esol
C=C,1.2317029528959376,esol
CCNP(=S)(OC)OC(=CC(=O)OC(C)C)C,-0.1940066578796609,esol
CCCCCCCBr,-0.6784066652641892,esol
Oc1c(Cl)cc(Cl)c(Cl)c1Cl,-0.048023094010351,esol
CCCCCCCC,-1.062324479336076,esol
O(c1ccccc1)c2ccccc2,-0.4556395385805021,esol
Cc1c2ccccc2c(C)c3ccc4ccccc4c13,-1.9059957250742956,esol
CCCCCOC(=O)CC,0.8146070561264804,esol
CCCCCC(=O)C,0.7340317124323809,esol
CCNc1nc(Cl)nc(n1)N(CC)CC,-0.5030367995770312,esol
c1ccc2c(c1)c3cccc4c3c2cc5ccccc54,-2.479502583132299,esol
Clc1c(Cl)c(Cl)c(c(Cl)c1Cl)c2c(Cl)c(Cl)c(Cl)c(Cl)c2Cl ,-4.0767902787153325,esol
CCOC(=O)Nc2cccc(OC(=O)Nc1ccccc1)c2 ,-0.7741491324771782,esol
Nc1cc[nH]c(=O)n1 ,0.873853632372142,esol
O=C1NC(=O)NC(=O)C1(C(C)C)CC=C(C)C,0.192281019242052,esol
CC12CC(O)C3C(CCC4=CC(=O)C=CC34C)C2CCC1(O)C(=O)CO,-0.0859409028075744,esol
CCC1(CCC(=O)NC1=O)c2ccccc2 ,0.3136180073931667,esol
CC(=O)C(C)(C)C,1.080031717707044,esol
CCCC1COC(Cn2cncn2)(O1)c3ccc(Cl)cc3Cl,-0.2342943297267109,esol
c2ccc1ocnc1c2,0.8714837693223155,esol
C/C=C/C=O,1.5729632320709477,esol
Cc1ccncc1C,1.5919221364695593,esol
CC#C,1.2269632267962844,esol
C1CCC=CCC1,-0.0859409028075744,esol
CC1(C)C(C=C(Br)Br)C1C(=O)OC(C#N)c2cccc(Oc3ccccc3)c2,-2.5610258720463297,esol
CCC(=O)C,1.667757754064006,esol
CCCc1ccccc1,-0.1759956987009799,esol
CC(=O)OC3(CCC4C2C=C(C)C1=CC(=O)CCC1(C)C2CCC34C)C(C)=O ,-1.114461466432258,esol
CC(=O)OCC(=O)C3CCC4C2CCC1=CC(=O)CCC1(C)C2CCC34C ,-0.7732011872572477,esol
CCCI,0.3358947200615355,esol
CCCCOCCO,1.2222235006966315,esol
CCCCOCN(C(=O)CCl)c1c(CC)cccc1CC ,-0.5646532388725195,esol
CCCCCC#C,-0.0053655591134746,esol
CC1(C)C(C=C(Cl)Cl)C1C(=O)OC(C#N)c2cccc(Oc3ccccc3)c2,-2.378546417209692,esol
CC(C)=CCCC(C)=CC(=O),0.4449084203535526,esol
CC13CCC(=O)C=C1CCC4C2CCC(C(=O)CO)C2(CC(O)C34)C=O ,-0.40350255148432,esol
COC(C)(C)C,1.3075385704903844,esol
CCSSCC,0.2742782807660476,esol
O=C1N(COC(=O)CCC)C(=O)C(N1)(c2ccccc2)c3ccccc3,-0.982223108251942,esol
COC(=O)c1ccccc1,0.544442668446264,esol
O=C1NC(=O)NC(=O)C1(CC)C(C)CC,0.2884974590650063,esol
COP(=O)(OC)OC(=CCl)c1cc(Cl)c(Cl)cc1Cl,-0.7220121453809965,esol
CCC(C)CC,-0.3229272077902205,esol
CCC(C)O,1.6440591235657416,esol
CCN2c1cc(Cl)ccc1NC(=O)c3cccnc23 ,-1.1192011925319112,esol
c1ccsc1,0.7909084256282158,esol
Cc1c[nH]c(=O)[nH]c1=O ,0.7074892462743245,esol
CCCN(CCC)c1c(cc(cc1N(=O)=O)C(F)(F)F)N(=O)=O,-1.2708724277208043,esol
CC(C)Cc1ccccc1,-0.5314751561749489,esol
Nc1ccccc1O,1.080031717707044,esol
Cc1ccc(cc1)N(=O)=O,0.241100198068477,esol
O=C1NC(=O)NC(=O)C1(CC)c1ccccc1,0.3207275965426461,esol
O=C2NC(=O)C1(CCCCCCC1)C(=O)N2,0.0079056739655533,esol
Cc1cccc(C)c1NC(=O)c2cc(c(Cl)cc2O)S(N)(=O)=O,-0.3750641948864025,esol
OCC2OC(Oc1ccccc1CO)C(O)C(O)C2O,1.018415278411556,esol
CCCCCOC(=O)C,0.5254837640476524,esol
c2c(C)cc1nc(C)ccc1c2 ,0.5017851335493878,esol
CCCCCCC=C,-0.6831463913638425,esol
OCC(O)C(O)CO,1.7530728238577586,esol
Clc1ccc(c(Cl)c1Cl)c2ccc(Cl)c(Cl)c2Cl ,-2.3752286089399344,esol
CCCC(C)O,1.2838399399921196,esol
c2ccc1[nH]nnc1c2,1.0515933611091266,esol
c1ccoc1,1.0326344567105148,esol
CC2Cc1ccccc1N2NC(=O)c3ccc(Cl)c(c3)S(N)(=O)=O ,-0.2783737824534831,esol
CCNC(=S)NCC,0.729291986332728,esol
Fc1cccc(F)c1,0.4733467769514702,esol
CSc1nc(NC(C)C)nc(NC(C)C)n1,-0.5219957039756429,esol
c1cc(O)c(O)c2OCC3(O)CC4=CC(=O)C(O)=CC4=C3c21,0.1415659499757657,esol
Clc1ccc(cc1)N(=O)=O,0.0372919757834015,esol
COc1ccc(C=CC)cc1,-0.0622422723093097,esol
CCC(=C(CC)c1ccc(O)cc1)c2ccc(O)cc2 ,-0.5077765256766844,esol
CCOP(=S)(CC)Oc1cc(Cl)c(Cl)cc1Cl,-1.304998455638306,esol
CCC1(C(=O)NCNC1=O)c2ccccc2,0.1700043065736832,esol
CCC1(CC)C(=O)NC(=O)N(C)C1=O ,0.3643330766594531,esol
CCOC=C,1.018415278411556,esol
COc1cc(CC=C)ccc1O,0.6818947253361987,esol
CCC(C)C(=O)C,1.103730348205309,esol
CCCCC(CC)C=O,0.4117303376559823,esol
ClC1(C2(Cl)C3(Cl)C4(Cl)C5(Cl)C1(Cl)C3(Cl)Cl)C5(Cl)C(Cl)(Cl)C24Cl,-1.8017217508819316,esol
COC(=O)c1cc(O)c(O)c(O)c1 ,0.8335659605250921,esol
ON=Cc1ccc(o1)N(=O)=O ,0.3832919810580648,esol
CCSC(=O)N(CC)C1CCCCC1 ,-0.1902148769999385,esol
Cc1cccc(c1)N(=O)=O,0.2647988285667417,esol
CCCCCCCCCCCCCCCC,-2.560077926826399,esol
Cc1cc(C)c2ccccc2c1,-0.6120504998690486,esol
c1ccc2ncccc2c1,0.8051276039271746,esol
CC(Cl)CCl,0.662935820937587,esol
ClC(Cl)C(Cl)(Cl)SN2C(=O)C1CC=CCC1C2=O ,-1.1381600969305228,esol
CCOC(C)OCC,1.2174837745969789,esol
CC12CC2(C)C(=O)N(C1=O)c3cc(Cl)cc(Cl)c3,-0.8537765309513474,esol
Cn1cnc2n(C)c(=O)[nH]c(=O)c12 ,0.2254591019396224,esol
Cc2ncc1nccnc1n2,1.3644152836862191,esol
c1c(NC(=O)OC(C)C(=O)NCC)cccc1,0.5539221206455698,esol
CCCCC(=O)OC3(C(C)CC4C2CCC1=CC(=O)C=CC1(C)C2(F)C(O)CC34C)C(=O)CO,-0.8111189960544711,esol
CN(C=Nc1ccc(C)cc1C)C=Nc2ccc(C)cc2C,-1.171338179628093,esol
CC34CCC1C(=CCc2cc(O)ccc12)C3CCC4=O,-1.0822313289546182,esol
CC3C2CCC1(C)C=CC(=O)C(=C1C2OC3=O)C,-0.043283367910698,esol
CCC1(C(=O)NC(=O)NC1=O)C2=CCC3CCC2C3,0.1434618404156268,esol
ClCCBr,0.7956481517278687,esol
O=C1CNC(=O)N1 ,1.2317029528959376,esol
ICI,0.312196089563271,esol
CCC#CCC,0.4780865030511231,esol
Cc1c(C)c2c3ccccc3ccc2c4ccccc14,-1.9012559989746425,esol
Clc1ccc(I)cc1,-0.4888176212780727,esol
Brc1cccc2ccccc12,-0.6404888564669659,esol
CC(C)CC(C)C,-0.5978313215700897,esol
CCOP(=S)(OCC)SCSCC,-0.5267354300752961,esol
CC(O)c1ccccc1,0.9852371957139856,esol
OCC1OC(OC2C(O)C(O)C(O)OC2CO)C(O)C(O)C1O,1.305642680050523,esol
Cc1ccc2c(ccc3ccccc32)c1,-1.3467080453152511,esol
CCCCCCCCCCCCCCCCCCCC,-2.4520121717543124,esol
CCCCCCC(=O)OCC,0.122607045577154,esol
CNC(=O)ON=C(CSC)C(C)(C)C ,0.6534563687382812,esol
Oc1cc(Cl)c(Cl)cc1Cl,0.3738125288587589,esol
Oc1ccc(Cl)cc1Cl,0.6866344514358516,esol
N#Cc1ccccc1C#N,0.2932371851646593,esol
c1ccc2ccccc2c1,-0.2850093989929971,esol
CCC=C,0.5017851335493878,esol
CCN2c1nc(Cl)ccc1N(C)C(=O)c3cccnc23 ,-0.528631320515157,esol
Brc1ccc2ccccc2c1,-0.6641874869652308,esol
Oc1cccc(O)c1,1.805209810953941,esol
Nc1ncnc2n(ccc12)C3OC(CO)C(O)C3O ,0.4970454074497348,esol
COc1c(O)c(Cl)c(Cl)c(Cl)c1Cl ,-0.4840778951784195,esol
CCNc1nc(NC(C)(C)C)nc(SC)n1,-0.4745984429791138,esol
CCC(=C)C,0.127346771676807,esol
CCCC(=C)C,-0.0148450113127804,esol
ClC2=C(Cl)C3(Cl)C1C=CCC1C2(Cl)C3(Cl)Cl ,-1.2519135233221923,esol
CC(C)C(Nc1ccc(cc1Cl)C(F)(F)F)C(=O)OC(C#N)c2cccc(Oc3ccccc3)c2,-2.371910800670178,esol
CCCCCCCCCCCCCCO,-1.3467080453152511,esol
CC(C)Cl,0.7529906168309926,esol
CCCOP(=S)(OCCC)SCC(=O)N1CCCCC1C,-0.5456943344739078,esol
COP(=O)(OC)OC(Br)C(Cl)(Cl)Br,0.3406344461611885,esol
Nc2nc1[nH]cnc1c(=O)[nH]2 ,-0.2769518646235872,esol
Clc1ccc(c(Cl)c1)c2cc(Cl)c(Cl)c(Cl)c2Cl ,-2.081365590761454,esol
CCCCCCCCl,-0.4745984429791138,esol
CC1CO1,1.141648157002532,esol
O=C1NC(=O)NC(=O)C1(CC)CC,0.2837577329653534,esol
Cn2c(=O)on(c1ccc(Cl)c(Cl)c1)c2=O,0.0846892367799308,esol
CCOP(=S)(OCC)SCSc1ccc(Cl)cc1,-1.2974148938788612,esol
CCOP(=S)(OCC)SC(CCl)N1C(=O)c2ccccc2C1=O,-1.583694350297897,esol
CC(=O)Nc1nnc(s1)S(N)(=O)=O ,0.3027166373639651,esol
CC(C)O,1.62510021916713,esol
CCCC(C)C,-0.351365564388138,esol
CC2Nc1cc(Cl)c(cc1C(=O)N2c3ccccc3C)S(N)(=O)=O ,-0.3703244687867495,esol
O=c1[nH]cnc2[nH]ncc12 ,0.3472700627007025,esol
CCOP(=S)(NC(C)C)Oc1ccccc1C(=O)OC(C)C,-0.5665491293123804,esol
CCCC(=O)CC,1.027894730610862,esol
CCCCCCCCCCCCCCCCCCCCCCCCCC,-2.528795734568689,esol
CCOC(=O)C=Cc1ccccc1,-0.0006258330138218,esol
CC(C)C,0.2126618414705597,esol
CCCCC(=O)OC,0.7861686995285629,esol
CC34CCC1C(CCC2CC(=O)CCC12C)C3CCC4O ,-0.826760092183326,esol
CCN(CC)C(=O)CSc1ccc(Cl)nn1,0.6079549981816131,esol
Cc1c(cccc1N(=O)=O)N(=O)=O,-0.0006258330138218,esol
CCCCC1C(=O)N(N(C1=O)c2ccc(O)cc2)c3ccccc3 ,-0.346625838288485,esol
C=CC#N,1.492387888376848,esol
CCOc1ccc(NC(N)=O)cc1,0.3927714332573706,esol
ClC(Cl)(Cl)C(Cl)(Cl)Cl,-0.3181874816905674,esol
CC1(C)CON(Cc2ccccc2Cl)C1=O,0.3131440347832014,esol
Cc1ccc(O)cc1C,0.7672097951299514,esol
COc5cc4OCC3Oc2c1CC(Oc1ccc2C(=O)C3c4cc5OC)C(C)=C ,-0.6736669391645365,esol
Clc1cccc(c1Cl)c2c(Cl)c(Cl)cc(Cl)c2Cl ,-2.654872448819457,esol
O=C2CN(N=Cc1ccc(o1)N(=O)=O)C(=O)N2 ,-0.1807354248006327,esol
O=C1CCCCC1,1.136908430902879,esol
CCOP(=O)(OCC)OCC,1.62510021916713,esol
CN(C)C(=S)SSC(=S)N(C)C ,-0.4272011819825846,esol
CN(C)C(=O)SCCCCOc1ccccc1,-0.4399984424516475,esol
O=C(c1ccccc1)c2ccccc2,-0.0575025462096569,esol
CN(C)C(=O)C,1.9474015939435283,esol
Cc1cccc(C)n1,1.6345796713664358,esol
CC(C)N(C(C)C)C(=O)SCC(=CCl)Cl,-0.6101546094291876,esol
O=C1N(COC(=O)CC)C(=O)C(N1)(c2ccccc2)c3ccccc3,-0.9044916002176338,esol
O=C1NC(=O)NC(=O)C1(CC=C)c1ccccc1,0.2984508838742774,esol
CON(C)C(=O)Nc1ccc(Br)c(Cl)c1,-0.4385765246217516,esol
CCCC(C)C1(CC)C(=O)NC(=S)NC1=O ,-0.1712559726013268,esol
OCC1OC(C(O)C1O)n2cnc3c(O)ncnc23,0.8383056866247451,esol
C=CCS(=O)SCC=C,1.027894730610862,esol
ClC=C,0.5918399294427932,esol
Clc1cccc(n1)C(Cl)(Cl)Cl,-0.3608450165874436,esol
c1ccc2c(c1)ccc3c2ccc4c5ccccc5ccc43,-2.3088724435447943,esol
CC1(C)C(C(=O)OC(C#N)c2cccc(Oc3ccccc3)c2)C1(C)C,-1.4343929781588305,esol
CC(C)C(=O)C,1.3644152836862191,esol
Cc1[nH]c(=O)n(c(=O)c1Cl)C(C)(C)C,0.2439440337282689,esol
O=C1NC(=O)C(=O)C(=O)N1 ,0.8288262344254392,esol
CCCC=C(CC)C=O,0.2553193763674359,esol
c1ccc(Cl)cc1C(c2ccc(Cl)cc2)(O)C(=O)OC(C)C,-0.7258039262607188,esol
CC(Cl)Cl,0.8098673300268275,esol
OC4=C(C1CCC(CC1)c2ccc(Cl)cc2)C(=O)c3ccccc3C4=O,-1.3898395528220928,esol
c1(OC)ccc(CC=C)cc1,0.0372919757834015,esol
CCN2c1ncccc1N(C)C(=O)c3cccnc23 ,0.1794837587729891,esol
CCCCOC=O,0.7719495212296041,esol
CCCCCCCCCC(=O)OC,-0.8016395438551656,esol
CN(C)C(=O)Nc2ccc(Oc1ccc(Cl)cc1)cc2,-0.8964340658482236,esol
CCCC(=O)C,1.3312372009886488,esol
Oc1ccncc1,1.904744059046652,esol
CI,0.9473193869167622,esol
Clc1ccccc1Cl,-0.0243244635120863,esol
CCCCCCC,-0.7258039262607188,esol
c2ccc1scnc1c2 ,0.7103330819341163,esol
CO,2.165428994527563,esol
O=c1cc[nH]c(=O)[nH]1 ,0.7160207532536996,esol
CCN(CC)C(=O)C(C)Oc1cccc2ccccc12 ,-0.2707902206940382,esol
ClC(=C(Cl)C(=C(Cl)Cl)Cl)Cl,-0.9106532441471824,esol
CNC(=O)Oc1ccccc1OC(C)C,0.4496481464532057,esol
Nc1cc(nc(N)n1=O)N2CCCCC2 ,0.4785604756610884,esol
Clc2c(Cl)c(Cl)c(c1ccccc1)c(Cl)c2Cl ,-2.3325710740430585,esol
C1CCCCC1,-0.048023094010351,esol
Cn1ccc(=O)[nH]c1=O,1.0387961006400637,esol
CCCCOC(=O)c1ccccc1C(=O)OCCCC ,-0.6641874869652308,esol
CN(C)C(=O)N(C)C ,1.8668262502494288,esol
CC(=C)C,0.3169358156629238,esol
COc1ccc(C=O)cc1,0.7150728080337692,esol
CCC(C)(C)C,-0.2613107684947323,esol
CC12CCC(O)CC1CCC3C2CCC4(C)C3CCC4=O,-0.6651354321851614,esol
CSSC,0.7387714385320338,esol
CCCCOC,0.9520591130164152,esol
CCC(C)C1(CC=C)C(=O)NC(=O)NC1=O,0.4657632151920255,esol
COC(=O)C1=C(C)NC(=C(C1c2ccccc2N(=O)=O)C(=O)OC)C ,-0.8348176265527357,esol
CCCCCCCCCCCCCCCCCCO,-2.560077926826399,esol
O=C1c2ccccc2C(=O)c3ccccc13,-1.0386258488378115,esol
O=N(=O)c1ccc(cc1)N(=O)=O,-0.1854751509002857,esol
Nc1ccc(cc1)c2ccc(N)cc2,0.1415659499757657,esol
CN(C)c2c(C)n(C)n(c1ccccc1)c2=O ,1.248765966854688,esol
CC=C(C(=CC)c1ccc(O)cc1)c2ccc(O)cc2,-0.9248724224461412,esol
CCOC(=O)C,1.4023330924834423,esol
CC(C#C)N(C)C(=O)Nc1ccc(Cl)cc1,-0.4272011819825846,esol
CCSCCSP(=S)(OC)OC,-0.0437573405206634,esol
COc2ncc1nccnc1n2,0.8951823998205801,esol
Clc1cccc(c1Cl)c2cccc(Cl)c2Cl,-2.029228603665272,esol
Oc1ccc(c(O)c1)c3oc2cc(O)cc(O)c2c(=O)c3O ,-0.0399655596409411,esol
CCCCC,-0.0859409028075744,esol
OC1CCCCCC1,1.0041961001125974,esol
O=N(=O)OCC(CON(=O)=O)ON(=O)=O ,0.3690728027591058,esol
CCOP(=S)(OCC)SCSP(=S)(OCC)OCC,-1.2045162623256636,esol
CC(C)C1CCC(C)CC1O ,0.2221412936698655,esol
COc2ccc(Oc1ccc(NC(=O)N(C)C)cc1)cc2,-0.5504340605735606,esol
c1c(Cl)cccc1c2ccccc2,-0.8916943397485708,esol
CCCCCCCC(=O)OC,-0.0812011767079214,esol
CCCOC(=O)C,1.080031717707044,esol
CCC(C)(C)O,1.492387888376848,esol
CC1(C)C2CCC1(C)C(=O)C2,0.4923056813500819,esol
CCCC/C=C/C,-0.3892833731853612,esol
CC(O)C(C)(C)C,1.1274289787035732,esol
OC(c1ccc(Cl)cc1)(c2ccc(Cl)cc2)C(Cl)(Cl)Cl,-1.2642368111812905,esol
Oc1ccccc1O,1.7151550150605357,esol
CC(C)N(C(C)C)C(=O)SCC(Cl)=C(Cl)Cl,-0.8916943397485708,esol
CC(=O)OC3CCC4C2CCC1=CC(=O)CCC1(C)C2CCC34C ,-1.0357820131780198,esol
OCC(O)COC(=O)c1ccccc1Nc2ccnc3cc(Cl)ccc23,-0.7452368032692959,esol
c1cC2C(=O)NC(=O)C2cc1,0.031604304463818,esol
O=C2NC(=O)C1(CCCCCC1)C(=O)N2 ,-0.0802532314879909,esol
O=C(Nc1ccccc1)Nc2ccccc2,-0.0717217245086155,esol
NS(=O)(=O)c1cc(ccc1Cl)C2(O)NC(=O)c3ccccc23,-0.2143874801081685,esol
CCCCCCCCC(=O)C,-0.1428176160034093,esol
CC2(C)C1CCC(C)(C1)C2=O,0.544442668446264,esol
CC(C)c1ccc(C)cc1O,0.3690728027591058,esol
Nc1ccc(cc1)N(=O)=O,0.2979769112643121,esol
CCCCC1C(=O)N(N(C1=O)c2ccccc2)c3ccccc3 ,-0.3845436470857084,esol
CC1(C)C(C=C(Cl)Cl)C1C(=O)OC(C#N)c2ccc(F)c(Oc3ccccc3)c2,-2.056245042433294,esol
Clc1ccccc1c2ccccc2,-0.7305436523603716,esol
CCCC(O)CC,1.0421139089098206,esol
Cc1cc(C)c(C)c(C)c1C,-0.4745984429791138,esol
Cc1ccc(Br)cc1,-0.0906806289072272,esol
Sc1ccccc1,0.4164700637556351,esol
CCNc1nc(NC(C)(C)C)nc(OC)n1,-0.1139052867955265,esol
ClC(Cl)C(Cl)Cl,0.5965796555424462,esol
O=N(=O)c1ccccc1,0.5681412989445286,esol
CCC(=O)Nc1ccc(Cl)c(Cl)c1,-0.0006258330138218,esol
CNC(=O)ON=C(SC)C(=O)N(C)C,1.4715330935383752,esol
NC(=O)c1cnccn1,1.1051522660352044,esol
CCOC(=O)CC(=O)OCC,1.0326344567105148,esol
Nc2cnn(c1ccccc1)c(=O)c2Cl,0.0571988254019437,esol
ClCCC#N ,1.2838399399921196,esol
CCCCC(C)(O)CC,0.662935820937587,esol
CCCOC,1.2364426789955902,esol
O=C1NC(=O)c2ccccc12 ,0.1842234848726421,esol
CC1CC2C3CCC(O)(C(=O)C)C3(C)CC(O)C2(F)C4(C)C=CC(=O)C=C14,-0.5215217313656778,esol
CN(C)c1nc(nc(n1)N(C)C)N(C)C,-0.173151863041188,esol
CCCCCCBr,-0.3845436470857084,esol
C=CCCC=C,0.1510454021750715,esol
CN2C(=C(O)c1ccccc1S2(=O)=O)C(=O)Nc3ccccn3 ,-0.5504340605735606,esol
CC(=C)C(=C)C,0.2837577329653534,esol
CCCOC(=O)CC,1.0326344567105148,esol
CCc1ccccn1,1.6630180279643534,esol
ClCc1ccccc1,0.2884974590650063,esol
c1cc2ccc(OC)c(CC=C(C)(C))c2oc1=O ,-0.6234258425082155,esol
C1OC(O)C(O)C(O)C1O,1.6061413147685182,esol
CCCCCCOC(=O)c1ccccc1C(=O)OCCCCCC,-1.4907957187447,esol
CCCOC(C)C,0.7861686995285629,esol
C1c2ccccc2c3ccc4ccccc4c13,-1.7448450376860964,esol
OC1CCCCCCC1,0.8098673300268275,esol
C1=Cc2cccc3cccc1c23,-0.4556395385805021,esol
COP(=S)(OC)Oc1ccc(Sc2ccc(OP(=S)(OC)OC)cc2)cc1,-1.534875171471472,esol
CC1CCCCC1,-0.40350255148432,esol
Cc1c2ccccc2c(C)c3ccccc13,-1.6927080505899146,esol
Nc3nc(N)c2nc(c1ccccc1)c(N)nc2n3,0.2818618425254923,esol
Oc1ccc(Cl)cc1,1.08951116990635,esol
CCCCCCCO,0.5634015728448757,esol
O=Cc1ccco1,1.3738947358855251,esol
CCCCCCCC=C,-0.9722696834426704,esol
CCCCCCCC(=O)C,0.1984426631716008,esol
Oc1ccc(Br)cc1,0.904661852019886,esol
COCCCNc1nc(NC(C)C)nc(SC)n1,0.0335001949036792,esol
CC34CC(=O)C1C(CCC2=CC(=O)CCC12C)C3CCC4(=O) ,-0.2281326857971619,esol
c1(O)c(C)ccc(C(C)C)c1,0.4354289681542468,esol
O=C1NC(=O)NC(=O)C1(C(C)C)C(C)C,0.1102837577180565,esol
Clc1ccc(Cl)c(c1)c2c(Cl)c(Cl)cc(Cl)c2Cl ,-2.0955847690604124,esol
CCC#N,1.554004327672336,esol
Cc1c2ccccc2cc3ccccc13,-1.3704066758135156,esol
CCCCCl,0.4591275986525115,esol
CCc1cccc(C)c1N(C(C)COC)C(=O)CCl ,0.127346771676807,esol
Cc3ccnc4N(C1CC1)c2ncccc2C(=O)Nc34 ,-0.0906806289072272,esol
CC12CC(O)C3C(CCC4=CC(=O)CCC34C)C2CCC1(O)C(=O)CO,-0.043283367910698,esol
CCCOC(=O)CCC,0.5918399294427932,esol
c1ccccc1C(O)c2ccccc2,0.2126618414705597,esol
CC(=O)Nc1cc(NS(=O)(=O)C(F)(F)F)c(C)cc1C,-0.114379259405492,esol
Cl\C=C/Cl,0.8051276039271746,esol
Clc1ccc(Cl)c(c1)c2c(Cl)c(Cl)c(Cl)c(Cl)c2Cl,-2.816023136207656,esol
CCOC(=O)CC(SP(=S)(OC)OC)C(=O)OCC,-0.1759956987009799,esol
ClC(Cl)(Cl)Cl,0.3264152678622297,esol
Clc1ccc2ccccc2c1,-0.5409546083742546,esol
c1cccc2c3c(C)cc4ccccc4c3ccc12,-1.7021875027892202,esol
CC(=O)OCC(COC(=O)C)OC(=O)C,1.136908430902879,esol
O=N(=O)c1cccc2ccccc12,-0.2565710423950795,esol
CC(C)c1ccc(C)cc1,-0.3655847426870967,esol
CBr,1.0468536350094737,esol
CNC(=O)Oc1cccc2CC(C)(C)Oc12,0.0941686889792366,esol
CCCCCCCC(C)O,0.122607045577154,esol
c1c(Br)ccc2ccccc12 ,-0.6641874869652308,esol
CC1(C)C(C=C(Cl)Cl)C1C(=O)OCc2cccc(Oc3ccccc3)c2,-1.560469692409598,esol
OCC(O)C(O)C(O)C(O)CO ,1.449730353479972,esol
C1(=O)NC(=O)NC(=O)C1(O)C2(O)C(=O)NC(=O)NC2(=O),0.4780865030511231,esol
CN(C)C=Nc1ccc(Cl)cc1C,0.0657303323813191,esol
C1CC=CC1,0.4259495159549409,esol
c1ccccc1C(O)C(O)c2ccccc2,0.5065248596490407,esol
Cc1cc(C)c(C)cc1C,-0.754242282858636,esol
c1ccc2c(c1)cc3ccc4cccc5ccc2c3c45,-2.701795737206021,esol
Clc1ccc(Cl)c(c1)c2cc(Cl)c(Cl)c(Cl)c2Cl,-2.218817647651388,esol
CNc1ccccc1,0.8146070561264804,esol
O=C1CCC(=O)N1,1.563483779871642,esol
Cc1ccc(C)c2ccccc12,-0.5409546083742546,esol
CCN2c1ccccc1N(C)C(=S)c3cccnc23 ,-0.8092231056146102,esol
Nc1nc(O)nc2nc[nH]c12 ,-0.1906888496099038,esol
OC1C=CC2C1C3(Cl)C(=C(Cl)C2(Cl)C3(Cl)Cl)Cl ,-1.1665984535284402,esol
CC(=O)OCC(=O)C1(O)CCC2C3CCC4=CC(=O)CCC4(C)C3C(O)CC21C,-0.8916943397485708,esol
CCNc1nc(NC(C)C)nc(SC)n1,-0.0195847374124335,esol
CC(=O)OCC(=O)C3(O)CCC4C2CCC1=CC(=O)C=CC1(C)C2C(O)CC34C ,-0.649968308666272,esol
CN(=O)=O,1.5445248754730303,esol
CCSCC,0.7861686995285629,esol
Clc1ccccc1Br,-0.0906806289072272,esol
CCC(C)C(=O)OC2CC(C)C=C3C=CC(C)C(CCC1CC(O)CC(=O)O1)C23 ,-1.4249135259595245,esol
Oc1c(I)cc(C#N)cc1I,-0.2897491250926499,esol
CC(C)C(C)C,-0.3087080294912616,esol
CCCCOCCCC,0.544442668446264,esol
CN(C(=O)COc1nc2ccccc2s1)c3ccccc3,-0.8883765314788139,esol
CC(=O)C1(O)CCC2C3CCC4=CC(=O)CCC4(C)C3CCC21C,-0.3878614553554654,esol
COP(=O)(NC(C)=O)SC ,1.677237206263312,esol
CCCCN(CC)c1c(cc(cc1N(=O)=O)C(F)(F)F)N(=O)=O,-1.1997765362260109,esol
CC(C)(C)c1ccc(O)cc1,0.2790180068657004,esol
CCOC(=O)N(C)C(=O)CSP(=S)(OCC)OCC,0.227828964989449,esol
CCC1(C(=O)NC(=O)NC1=O)C2=CCCCC2 ,0.3927714332573706,esol
C1CCOC1,1.6535385757650474,esol
Brc1ccc(Br)cc1,-0.5077765256766844,esol
ClCC#CCOC(=O)Nc1cccc(Cl)c1,-0.649968308666272,esol
CC(C)(C)Cc1ccccc1,-0.5456943344739078,esol
c1ccc2c(c1)sc3ccccc23,-0.6547080347659248,esol
CCCCl,0.724552260233075,esol
c1ccccc1O,1.4212919968820543,esol
c1ccnnc1,1.942661867843876,esol
CCCCCCCCCCCCCCCO,-1.58843407639755,esol
N(Nc1ccccc1)c2ccccc2 ,0.0372919757834015,esol
c1ccc2cc3ccccc3cc2c1,-1.58843407639755,esol
FC(F)(F)c1ccccc1,0.2316207458691714,esol
Clc1ccccc1N(=O)=O,0.2126618414705597,esol
Cc1cccc(O)c1,1.0989906221056556,esol
CC12CC(O)C3C(CCC4=CC(=O)CCC34C)C2CCC1C(=O)CO,-0.114379259405492,esol
CC(C)c1ccccc1C,-0.3608450165874436,esol
c1ccc2c3c(ccc2c1)c4cccc5cccc3c45,-2.3704888828402817,esol
OC(Cn1cncn1)(c2ccc(F)cc2)c3ccccc3F,-0.1759956987009799,esol
C=CC=C,0.5349632162469581,esol
c1(O)cc(O)ccc1CCCCCC,0.193702937071948,esol
Cc1cccc2ccccc12,-0.3324066599895263,esol
CC1=CC(=O)CC(C)(C)C1 ,0.9188810303188448,esol
CC12CC(=O)C3C(CCC4=CC(=O)CCC34C)C2CCC1(O)C(=O)CO,-0.0527628201100038,esol
c1c(NC(=O)c2ccccc2(I))cccc1,-0.5741326910718252,esol
Cc1c[nH]c2ccccc12 ,0.2742782807660476,esol
O=c2[nH]c(=O)c1[nH]c(=O)[nH]c1[nH]2 ,-0.4414203602815434,esol
CCCCO,1.4212919968820543,esol
CC(C)OP(=S)(OC(C)C)SCCNS(=O)(=O)c1ccccc1,-0.5693929649721723,esol
c3ccc2nc1ccccc1cc2c3,-0.3181874816905674,esol
Nc1c(C)c[nH]c(=O)n1 ,0.7302399315526584,esol
CC(C)N(=O)=O,1.1274289787035732,esol
CN1CC(O)N(C1=O)c2nnc(s2)C(C)(C)C,0.5316454079772012,esol
Clc1cccc(c1)N(=O)=O,0.1083878672781953,esol
CCOP(=S)(OCC)ON=C(C#N)c1ccccc1,-0.8831628327691956,esol
Clc1ccc(cc1)c2ccccc2Cl ,-1.0812833837346878,esol
CC(=C)C1CC=C(C)C(=O)C1,0.4449084203535526,esol
CC1(OC(=O)N(C1=O)c2cc(Cl)cc(Cl)c2)C=C,-0.9130231071970089,esol
CCCCCc1ccccc1,-0.7779409133569006,esol
c1cc2cccc3c4cccc5cccc(c(c1)c23)c54,-2.751562861252377,esol
CCCSCCC,0.1984426631716008,esol
CN(C)C(=O)Nc1ccc(Cl)c(Cl)c1,-0.3798039209860553,esol
Oc1ccc(cc1)C2(OC(=O)c3ccccc23)c4ccc(O)cc4 ,0.0467714279827074,esol
NC(=S)N,1.5729632320709477,esol
O=C1NC(=O)NC(=O)C1(C(C)CCC)CC=C,0.3046125278038263,esol
CCCCCCCCOC(=O)c1ccccc1C(=O)OCCCCCCCC ,-1.003077903090415,esol
CCN2c1ncccc1N(CC)C(=O)c3cccnc23 ,0.0657303323813191,esol
ClCC,0.9188810303188448,esol
c1ccc2c(c1)c3cccc4ccc5cccc2c5c43,-2.275694360847224,esol
CC34CC(O)C1(F)C(CCC2=CC(=O)CCC12C)C3CCC4(O)C(=O)CO ,-0.2044340552988974,esol
OCC1OC(O)(CO)C(O)C1O,1.7246344672598413,esol
Oc1cccc2ccccc12,0.3690728027591058,esol
CCCC=C,0.1510454021750715,esol
CCCC(C)C1(CC=C)C(=O)NC(=S)NC1=O ,-0.2186532335978561,esol
COc1ccccc1N(=O)=O,0.4923056813500819,esol
Oc1ccc(cc1)c2ccccc2,-0.2281326857971619,esol
O=C1NC(=O)NC(=O)C1(CC)CC=C(C)C,0.3534317066302512,esol
Oc1ccc(Cl)cc1Cc2cc(Cl)ccc2O,-0.4523217303107451,esol
CC(C)=CCC/C(C)=C\CO,0.2553193763674359,esol
CC,0.776689247329257,esol
Clc1cc(Cl)cc(Cl)c1,-0.7021052957624542,esol
CC(C)CCOC(=O)C,0.5112645857486936,esol
CCOC(=O)N,1.8241687153525523,esol
CCCN(CCC)c1c(cc(cc1N(=O)=O)C(C)C)N(=O)=O,-1.6547902417926912,esol
CN(C)C(=O)NC1CC2CC1C3CCCC23,-0.0816751493178868,esol
CCCCCC(=O)OCC,0.307456363463618,esol
CSc1nc(nc(n1)N(C)C)N(C)C,0.1529412926149327,esol
CCCC#C,0.6439769165389754,esol
CCOc1ccc(NC(=O)C)cc1,0.307456363463618,esol
CC12CCC3C(CCC4=CC(=O)CCC34C)C2CCC1C(=O)CO,-0.2139135074982033,esol
Clc1ccc(c(Cl)c1)c2c(Cl)c(Cl)c(Cl)c(Cl)c2Cl,-2.3325710740430585,esol
NNc1ccccc1,1.4544700795796246,esol
ClC(Cl)(Cl)C#N,0.3937193784773011,esol
CC(C)I,0.430689242054594,esol
CCCOCCC,0.6534563687382812,esol
CCN2c1nc(C)cc(C(F)(F)F)c1NC(=O)c3cccnc23 ,-0.5727107732419292,esol
CCC#C,0.8335659605250921,esol
CC12CCC3C(CCc4cc(O)ccc34)C2CCC1=O,-0.4532696755306757,esol
CC(=O)C3(C)CCC4C2C=C(C)C1=CC(=O)CCC1(C)C2CCC34C,-1.0765436576350345,esol
CC(=O)C1CCC2C3CCC4=CC(=O)CCC4(C)C3CCC12C,-0.6736669391645365,esol
CC4CC3C2CCC1=CC(=O)C=CC1(C)C2(F)C(O)CC3(C)C4(O)C(=O)COC(C)=O ,-0.9011737919478768,esol
ClC1(C(=O)C2(Cl)C3(Cl)C14Cl)C5(Cl)C2(Cl)C3(Cl)C(Cl)(Cl)C45Cl,-1.0713299589254166,esol
Cc1cccc2c1ccc3ccccc32,-1.351447771414904,esol
CCN2c1nc(C)cc(C)c1NC(=O)c3cccnc23 ,-0.7371792688998854,esol
CC12CCC3C(CCC4=CC(=O)CCC34C)C2CCC1O,-0.4840778951784195,esol
CSCS(=O)CC(CO)NC(=O)C=Cc1c(C)[nH]c(=O)[nH]c1=O,0.4823522565408107,esol
COc1cc(cc(OC)c1O)C6C2C(COC2=O)C(OC4OC3COC(C)OC3C(O)C4O)c7cc5OCOc5cc67,-0.2712641933040036,esol
Cc1cc2c3ccccc3ccc2c4ccccc14,-1.6927080505899146,esol
Oc1cccc2ncccc12 ,0.2174015675702125,esol
CC(C)SC(C)C,0.3595933505598,esol
CC(=O)Nc1ccccc1,0.7909084256282158,esol
CCc1ccccc1,0.1083878672781953,esol
Cc1ncnc2nccnc12,1.200420760638228,esol
ClC(Cl)(Cl)N(=O)=O,0.4733467769514702,esol
ClC(Cl)Cl,0.8667440432226626,esol
NC(=O)c1ccccc1,0.966278291315374,esol
Cc1ccnc(C)c1,1.6014015886688653,esol
Cn1c(=O)n(C)c2nc[nH]c2c1=O,0.7624700690302983,esol
Nc3ccc2cc1ccccc1cc2c3 ,-1.0291463966385055,esol
CCCC,0.2031823892712538,esol
COC(C)(C)CCCC(C)CC=CC(C)=CC(=O)OC(C)C,-1.0386258488378115,esol
CCCC1CCCC1,-0.82533817435343,esol
CC(=O)OC3(CCC4C2CCC1=CC(=O)CCC1C2CCC34C)C#C,-0.8537765309513474,esol
NC(=O)NCc1ccccc1 ,0.971018017415027,esol
C1CCOCC1,1.4070728185830956,esol
CC(C)OC(=O)C,1.1606070614011434,esol
c1(C(C)(C)C)cc(C(C)(C)C)cc(OC(=O)NC)c1,-0.588351869370784,esol
C=Cc1ccccc1,0.0846892367799308,esol
O=C1NC(=O)C(=O)N1 ,1.2317029528959376,esol
CC12CCC(=O)C=C1CCC3C2CCC4(C)C3CCC4(O)C#C ,-1.2613929755214988,esol
CCCCCCCC(=O)OCC,-0.1854751509002857,esol
OC3N=C(c1ccccc1Cl)c2cc(Cl)ccc2NC3=O,-0.2869052894328582,esol
COC(=O)C=C,1.31701802268969,esol
O=C1NCCN1c2ncc(s2)N(=O)=O,-0.1048998072061861,esol
OCC3OC(OCC2OC(OC(C#N)c1ccccc1)C(O)C(O)C2O)C(O)C(O)C3O ,1.0563330872087795,esol
CC2=CC(=O)c1ccccc1C2=O ,-0.0148450113127804,esol
CCC(=O)OC,1.354935831486913,esol
CC(C)CC(C)(C)O,0.9852371957139856,esol
CCCCC(=O)OCC,0.3548536244601472,esol
CC=C,0.9094015781195388,esol
CC(C)C(C)(C)C,-0.6452285825666191,esol
Nc1ccc(Cl)cc1,0.6344974643396696,esol
CC(C)CC(C)O,1.0421139089098206,esol
Nc1cccc2ccccc12,0.5112645857486936,esol
OC1CCCCC1,1.2127440484973258,esol
ClCC#N,1.3776865167652474,esol
CC34CCC1C(CCc2cc(O)ccc12)C3CC(O)C4O ,-0.9272422854959678,esol
Cc1cccc(C)c1C,-0.0954203550068803,esol
CCN2c1ccccc1N(C)C(=O)c3cccnc23 ,-0.1541929586425763,esol
CCCCCCCI,-0.8585162570510002,esol
NC(N)=NC#N ,1.2743604877928136,esol
C=CCC=C,0.430689242054594,esol
CCCCNC(=O)n1c(NC(=O)OC)nc2ccccc12,-0.8931162575784667,esol
NC(=O)c1cccnc1 ,1.7104152889608824,esol
Cc1ccc(OP(=O)(Oc2cccc(C)c2)Oc3ccccc3C)cc1,-1.4272833890093508,esol
OC1C(O)C(O)C(O)C(O)C1O,1.5871824103699066,esol
Cc2c(N)c(=O)n(c1ccccc1)n2C,1.125533088263712,esol
CCCCC(=O)CCCC,0.1984426631716008,esol
COP(=S)(OC)Oc1ccc(SC)c(C)c1,-0.7447628306593305,esol
CNC(=O)Oc1ccccc1C(C)C,0.0643084145514232,esol
CCc1ccccc1C,-0.1001600811065331,esol
CC45CCC2C(CCC3CC1SC1CC23C)C4CCC5O,-1.1428998230301757,esol
Cc1ccc(cc1N(=O)=O)N(=O)=O,0.0846892367799308,esol
CCC(CC)CO,0.8667440432226626,esol
BrCBr,0.8667440432226626,esol
O=c1[nH]cnc2nc[nH]c12 ,0.3330508844017438,esol
COP(=O)(OC)C(O)C(Cl)(Cl)Cl,1.31701802268969,esol
CCC(C)CCO,1.0847714438066969,esol
CC34CCC1C(CC=C2CC(O)CCC12C)C3CCC4=O,-0.5314751561749489,esol
O=C1NC(=O)NC(=O)C1(C(C)C)CC=C,0.6117467790613355,esol
Cc1ncc(N(=O)=O)n1CCO,0.843045412724398,esol
CC(C)C(C)C(C)C,-0.8537765309513474,esol
CC(=O)C3CCC4C2CC=C1CC(O)CCC1(C)C2CCC34C ,-0.7826806394565539,esol
COP(=S)(OC)SCC(=O)N(C)C=O,0.4757166400012966,esol
CC(C)OC(=O)C(O)(c1ccc(Br)cc1)c2ccc(Br)cc2 ,-0.9153929702468352,esol
NS(=O)(=O)c2cc1c(NCNS1(=O)=O)cc2Cl ,0.1747440326733363,esol
ClC(Cl)CC(=O)NC2=C(Cl)C(=O)c1ccccc1C2=O,-0.9627902312433648,esol
Cc1ccc(O)c(C)c1,0.8572645910233568,esol
CN2C(=O)CN=C(c1ccccc1)c3cc(ccc23)N(=O)=O,-0.3779080305461942,esol
ClC1C=CC2C1C3(Cl)C(=C(Cl)C2(Cl)C3(Cl)Cl)Cl,-1.5727929802686955,esol
CCc1ccc2ccccc2c1,-0.6120504998690486,esol
COP(=S)(OC)Oc1cc(Cl)c(I)cc1Cl,-1.716406681088179,esol
Cc1cc(ccc1NS(=O)(=O)C(F)(F)F)S(=O)(=O)c2ccccc2,-0.3798039209860553,esol
CC(=O)N,2.170168720627216,esol
CCCCCCCl,-0.0575025462096569,esol
CCCCCC1CCCC1,-1.4604614717069213,esol
Clc1cc(Cl)c(cc1Cl)c2cc(Cl)c(Cl)cc2Cl ,-2.6359135444208457,esol
CC12CCC3C(CCc4cc(O)ccc34)C2CCC1O,-0.9627902312433648,esol
CC(=O)Nc1ccc(F)cc1,0.5776207511438345,esol
NS(=O)(=O)c2cc1c(N=CNS1(=O)=O)cc2Cl ,-0.0243244635120863,esol
Oc1c(Br)cc(C#N)cc1Br ,-0.1570367943023682,esol
Clc1cc(Cl)c(Cl)cc1Cl,-1.2139957145249691,esol
CCC(C)c1cc(cc(N(=O)=O)c1O)N(=O)=O ,-0.1807354248006327,esol
Oc1cccc(Cl)c1,1.08951116990635,esol
CCI,0.662935820937587,esol
CC=C(C)C,0.2079221153709066,esol
COc2cnc1ncncc1n2,0.8814371941315866,esol
NC(=O)NC1NC(=O)NC1=O ,0.662935820937587,esol
CCCCCC=C,-0.346625838288485,esol
NS(=O)(=O)c3cc2c(NC(Cc1ccccc1)NS2(=O)=O)cc3C(F)(F)F,-0.280269672893344,esol
ClC=C(Cl)Cl,0.4923056813500819,esol
Nc1nc[nH]n1,1.6687056992839366,esol
O=C1CCCN1,1.9284426895449167,esol
c1ccc2c(c1)[nH]c3ccccc32,-1.0765436576350345,esol
COC=O,1.6961961106619237,esol
Clc1ccccc1c2ccccc2Cl ,-1.0765436576350345,esol
OCC(O)C(O)C(O)C(O)CO,1.9379221417442227,esol
Cc1cccnc1C,1.6014015886688653,esol
O=c2c(C3CCCc4ccccc43)c(O)c1ccccc1o2 ,0.0752097845806249,esol
Cc1ncc(N(=O)=O)n1CCO ,0.8240865083257863,esol
CC1CC2C3CC(F)C4=CC(=O)C=CC4(C)C3(F)C(O)CC2(C)C1(O)C(=O)CO,-1.23911626285313,esol
CCC(C)(C)Cl,0.2316207458691714,esol
CC1=C(SCCO1)C(=O)Nc2ccccc2,-0.0669819984089627,esol
c1cc2ccc3cccc4ccc(c1)c2c34,-1.5059628422635891,esol
Cc1ccc(Cl)cc1,-0.0385436418110452,esol
CCCCCCCCCCCCCC,-2.3515299784416706,esol
OC(C1=CC2C5C(C1C2=C(c3ccccc3)c4ccccn4)C(=O)NC5=O)(c6ccccc6)c7ccccn7 ,-0.4418943328915087,esol
CCOC(=O)c1ccccc1C(=O)OCC,0.307456363463618,esol
C1CCC=CC1,0.193702937071948,esol
O2c1ccc(N)cc1N(C)C(=O)c3cc(C)ccc23 ,-0.4404724150616128,esol
Clc1cc(Cl)c(Cl)c(Cl)c1Cl,-1.256653249421846,esol
O=N(=O)c1cccc(c1)N(=O)=O,0.3358947200615355,esol
C(c1ccccc1)c2ccccc2,-0.5125162517763372,esol
CCN(CC)C(=S)SSC(=S)N(CC)CC,-0.8822148875492651,esol
NC(=O)c1ccccc1O,0.5586618467452228,esol
CCC=O,1.6961961106619237,esol
Sc1nccc(=O)[nH]1 ,0.3439522544309454,esol
C1OC1c2ccccc2 ,0.662935820937587,esol
CN(C(=O)NC(C)(C)c1ccccc1)c2ccccc2,-0.166516246501674,esol
Nc1ccc(O)cc1,1.0421139089098206,esol
Oc1ccccc1Cl,0.9188810303188448,esol
CC23Cc1cnoc1C=C2CCC4C3CCC5(C)C4CCC5(O)C#C,-1.188875166196809,esol
c2(Cl)c(Cl)c(Cl)c1nccnc1c2(Cl) ,-1.1523792752294812,esol
O=C1NC(=O)NC(=O)C1(C)C,0.5956317103225156,esol
Clc1cc(Cl)c(Cl)c(c1Cl)c2c(Cl)c(Cl)cc(Cl)c2Cl ,-2.915557384300368,esol
CSC,1.2080043223976729,esol
CCN(CC)c1nc(Cl)nc(n1)N(CC)CC,-0.6694011856748491,esol
CCCCC(CC)CO,0.4212097898552882,esol
CC(=C)C=C,0.4591275986525115,esol
CC(=O)SC4CC1=CC(=O)CCC1(C)C5CCC2(C)C(CCC23CCC(=O)O3)C45,-0.5565957045031094,esol
CNC(=O)Oc1cccc2ccccc12,-0.1067956976460473,esol
CCCCC=C,-0.1096395333058389,esol
Clc1ccc(Cl)c(Cl)c1Cl,-0.7447628306593305,esol
CC(=O)Nc1ccc(O)cc1,0.9331002086178036,esol
c1cnc2c(c1)ccc3ncccc23,0.1510454021750715,esol
C1CCCCCCC1,-0.5456943344739078,esol
CC(C)CCC(C)(C)C,-0.9722696834426704,esol
CCC(C)Cl,0.4923056813500819,esol
c1cc(C)cc2c1c3cc4cccc5CCc(c45)c3cc2,-2.3325710740430585,esol
Cc1ccccc1N(=O)=O,0.3169358156629238,esol
CCCCCCCCCCCCO,-0.8537765309513474,esol
CCCCBr,0.2979769112643121,esol
CCC1(C(C)C)C(=O)NC(=O)NC1=O ,0.3738125288587589,esol
COc1ccccc1OCC(O)COC(N)=O,0.9544289760662416,esol
c1cc2ccc3ccc4ccc5cccc6c(c1)c2c3c4c56,-2.852992999784949,esol
CCN2c1ncccc1N(C)C(=S)c3cccnc23 ,-0.7750970776971091,esol
COc1ncnc2nccnc12 ,0.8951823998205801,esol
Clc1cc(Cl)c(cc1Cl)c2cccc(Cl)c2Cl ,-1.9960505209677013,esol
CCCCOC(=O)c1ccc(N)cc1,-0.0394915870309756,esol
Cc1cc(C)cc(C)c1,-0.1902148769999385,esol
Clc1cc(c(Cl)c(Cl)c1Cl)c2cc(Cl)c(Cl)c(Cl)c2Cl,-2.9202971104000204,esol
c1ccncc1,1.7815111804556762,esol
CC34CC(O)C1(F)C(CCC2=CC(=O)C=CC12C)C3CC(O)C4(O)C(=O)CO,-0.3229272077902205,esol
Nc3cc2c1ccccc1ccc2c4ccccc34 ,-1.5173381849027563,esol
Clc1ccc(cc1)c2cc(Cl)ccc2Cl ,-1.541036815401021,esol
ClC1=C(Cl)C2(Cl)C3C4CC(C=C4)C3C1(Cl)C2(Cl)Cl,-1.5680532541690428,esol
CCC(O)C(C)C,1.08951116990635,esol
ClCCCl,0.9188810303188448,esol
CCCCOc1ccc(C(=O)OCC)c(c1)N(CC)CC ,-0.398762825384667,esol
CCCCc1c(C)nc(nc1O)N(C)C ,0.3595933505598,esol
CCCCCBr,-0.0385436418110452,esol
CNc2cnn(c1cccc(c1)C(F)(F)F)c(=O)c2Cl,-0.4964011830375174,esol
Fc1cccc(F)c1C(=O)NC(=O)Nc2ccc(Cl)cc2,-1.4320231151090037,esol
CCCCCCl,0.127346771676807,esol
Nc2cccc3nc1ccccc1cc23 ,-0.578872417171478,esol
Fc1c[nH]c(=O)[nH]c1=O ,0.9108234959494348,esol
CC(C)(C)CO,1.2317029528959376,esol
O=C3CN=C(c1ccccc1)c2cc(ccc2N3)N(=O)=O,-0.3779080305461942,esol
BrC(Cl)Cl,0.6913741775355046,esol
COc1nc(NC(C)C)nc(NC(C)C)n1,0.2467878693880605,esol
Oc1ccccn1,1.904744059046652,esol
ClCBr,0.9994563740129444,esol
Ic1cccc2ccccc12,-0.7352833784600243,esol
CCCCc1ccccc1,-0.5030367995770312,esol
Cc1ccccc1N,0.3738125288587589,esol
CCN(CC(C)=C)c1c(cc(cc1N(=O)=O)C(F)(F)F)N(=O)=O,-1.481316266545394,esol
C1Cc2c3c1cccc3cc4c2ccc5ccccc54,-2.299392991345488,esol
CC(=O)N(S(=O)c1ccc(N)cc1)c2onc(C)c2C ,-0.280269672893344,esol
Cc1cccc(N)c1,1.018415278411556,esol
Cc1ccc(cc1)S(=O)(=O)N,0.5965796555424462,esol
CCCCc1c(C)nc(NCC)nc1OS(=O)(=O)N(C)C ,-0.5504340605735606,esol
c1ccc2c(c1)ccc3c4ccccc4ccc23,-2.397505321608304,esol
Clc1ccc(Cl)c(Cl)c1,-0.280269672893344,esol
CC1=CCCCC1,-0.1285984377044506,esol
CCCCCCCCCCCC(=O)OC,-0.8016395438551656,esol
CCCCCC(=O)OC,0.5349632162469581,esol
Oc1cccc2cccnc12 ,0.2742782807660476,esol
Clc1ccccc1C2=NCC(=O)Nc3ccc(cc23)N(=O)=O,-0.2371381653865026,esol
Cc1cc(no1)C(=O)NNCc2ccccc2,0.2548454037574706,esol
CCC1(C(=O)NC(=O)NC1=O)c2ccccc2 ,0.3207275965426461,esol
Clc1ccc(c(Cl)c1)c2ccc(Cl)c(Cl)c2Cl ,-2.275694360847224,esol
CCC1(CCC(C)C)C(=O)NC(=O)NC1=O,0.2515275954877136,esol
O=c2[nH]c1CCCc1c(=O)n2C3CCCCC3,-0.7561381732984971,esol
Clc1cccc(I)c1,-0.2613107684947323,esol
C1C=CCC=C1,0.4449084203535526,esol
CC(C)CC(C)(C)C,-0.82533817435343,esol
CC1CCCO1,1.4734289839782364,esol
C1C(O)CCC2(C)CC3CCC4(C)C5(C)CC6OCC(C)CC6OC5CC4C3C=C21,-2.0481875080638834,esol
Oc1c(Cl)ccc(Cl)c1Cl,0.1700043065736832,esol
CCOc2ccc1nc(sc1c2)S(N)(=O)=O ,-0.3845436470857084,esol
Cc1cncc(C)c1,1.6014015886688653,esol
CC34CCC1C(CCC2=CC(=O)CCC12C)C3CCC4=O,-0.3276669338898733,esol
CC(=O)OC3(C)CCC4C2CCC1=CC(=O)CCC1(C)C2CCC34C ,-1.0831792741745487,esol
OC3N=C(c1ccccc1)c2cc(Cl)ccc2NC3=O ,-0.4518477577007798,esol
Cc1ccc2cc(C)ccc2c1,-0.8964340658482236,esol
CCC(CC)C=O,0.7008536297348104,esol
CCCCCC(C)C,-0.9864888617416292,esol
c1ccccc1,0.6439769165389754,esol
Oc1ccc(cc1)N(=O)=O,1.0705522655077382,esol
CCCCCC(C)O,0.6866344514358516,esol
CC(=O)CC(c1ccccc1)c3c(O)c2ccccc2oc3=O ,-0.4238833737128274,esol
CCC2NC(=O)c1cc(c(Cl)cc1N2)S(N)(=O)=O,-0.1380778899037565,esol
Clc1cccc(Cl)c1c2ccccc2 ,-1.048105301037117,esol
Cc3nnc4CN=C(c1ccccc1Cl)c2cc(Cl)ccc2n34,-0.5172559778759901,esol
c3ccc2c(O)c1ccccc1cc2c3 ,-0.8205984482537773,esol
ClC(Cl)(Cl)C(NC=O)N1C=CN(C=C1)C(NC=O)C(Cl)(Cl)Cl ,-0.5646532388725195,esol
OCC1OC(CO)(OC2OC(COC3OC(CO)C(O)C(O)C3O)C(O)C(O)C2O)C(O)C1O,1.2269632267962844,esol
BrCCBr,0.6250180121403637,esol
Cc1cc(cc(N(=O)=O)c1O)N(=O)=O,0.7311878767725891,esol
COc2c1occc1cc3ccc(=O)oc23 ,-0.3153436460307758,esol
ClCCl,1.1226892526039205,esol
c1c(O)C2C(=O)C3cc(O)ccC3OC2cc1(OC),0.0263906057541998,esol
CC1CC2C3CCC4=CC(=O)C=CC4(C)C3(F)C(O)CC2(C)C1(O)C(=O)CO,-0.280269672893344,esol
CCCCC1(CC)C(=O)NC(=O)NC1=O,0.6340234917297042,esol
Oc1cccc(c1)N(=O)=O,0.9425796608171092,esol
CCN(CC)C(=O)C(=CCOP(=O)(OC)OC)Cl,1.669179671893902,esol
Clc1ccccc1I,-0.2565710423950795,esol
c1ccc2c(c1)c3ccccc3c4ccccc24,-1.7666477777445,esol
c1ccc2c(c1)cnc3ccccc23 ,0.1036481411785425,esol
CCCCN(C)C(=O)Nc1ccc(Cl)c(Cl)c1,-0.8395573526523885,esol
CC(C)COC=O,0.9425796608171092,esol
CNC(=O)Oc1cc(C)cc(C)c1,0.1979686905616353,esol
O2c1ccccc1N(C)C(=O)c3cccnc23 ,-0.3191354269104981,esol
Cc1ccc(C)c(C)c1,-0.1475573421030623,esol
COc2c1occc1c(OC)c3c(=O)cc(C)oc23 ,-0.0105792578230931,esol
Oc2ccc1CCCCc1c2 ,0.4780865030511231,esol
O=C1NC(=O)NC(=O)C1(CC)CC=C,0.6563002043980729,esol
Oc2ncc1nccnc1n2,0.4984673252796306,esol
O=C2NC(=O)C1(CC1)C(=O)N2 ,0.5273796544875136,esol
CC1CCCC1,-0.1428176160034093,esol
CCCCCCCCC(=O)OCC,-0.3798039209860553,esol
Cc1cc(=O)n(c2ccccc2)n1C,1.760182413007238,esol
CC(=O)CCC1C(=O)N(N(C1=O)c2ccccc2)c3ccccc3,-0.1285984377044506,esol
CCCOCC,1.1084700743049614,esol
CCN(CC)c1ccccc1,-0.0148450113127804,esol
OCC2OC(OC1(CO)OC(CO)C(O)C1O)C(O)C(O)C2O ,1.795730358754635,esol
OCC(O)CO,1.9521413200431807,esol
CCN(CC)c1c(cc(c(N)c1N(=O)=O)C(F)(F)F)N(=O)=O,-1.171338179628093,esol
Clc1c(Cl)c(Cl)c(N(=O)=O)c(Cl)c1Cl,-1.3372285931159456,esol
Cc1cccc2c(C)cccc12,-0.7964258451455468,esol
CC(C)C(=O)C(C)C,0.8051276039271746,esol
CCc1cccc2ccccc12,-0.5551737866732135,esol
CC(C)CCOC=O,0.7008536297348104,esol
CN(C)C(=O)NC1CCCCCCC1,0.3700207479790365,esol
CC(C)Br,0.6676755470372399,esol
CN(C)C(=O)Nc1ccc(C)c(Cl)c1,-0.2295546036270579,esol
Clc1ccc(cc1Cl)c2ccccc2 ,-1.6073929807961616,esol
Clc1cccc(Br)c1,-0.1001600811065331,esol
ClC(=C(Cl)Cl)Cl,0.2174015675702125,esol
COc1ccc(NC(=O)N(C)C)cc1Cl,0.2060262249310454,esol
CC(C)CC(=O)C,1.0705522655077382,esol
CC(C)NC(=O)N1CC(=O)N(C1=O)c2cc(Cl)cc(Cl)c2,-0.6528121443260638,esol
c1c(OC)c(OC)C2C(=O)OCC2c1,0.5212180105579647,esol
CCC(C)(C)CO,0.9283604825181504,esol
Brc1ccc(I)cc1,-0.7400231045596772,esol
ClC(Cl)C(c1ccc(Cl)cc1)c2ccc(Cl)cc2,-1.9913107948680489,esol
Brc1cc(Br)cc(Br)c1,-1.232954618923581,esol
COC(=O)c1ccccc1OC2OC(COC3OCC(O)C(O)C3O)C(O)C(O)C2O,1.0696043202878076,esol
O2c1cc(C)ccc1N(C)C(=O)c3cc(N)cnc23 ,-0.0210066552423294,esol
Clc1ccc(c(Cl)c1)c2cc(Cl)ccc2Cl ,-1.6927080505899146,esol
OCC(O)C2OC1OC(OC1C2O)C(Cl)(Cl)Cl ,0.5491823945459169,esol
Nc1ccccc1Cl,0.7008536297348104,esol
FC(F)(Cl)C(F)(Cl)Cl,-0.0195847374124335,esol
CCOP(=S)(OCC)Oc1nc(Cl)n(n1)C(C)C,-0.3124998103709839,esol
c1ccc2cc3c4cccc5cccc(c3cc2c1)c45,-2.6027354617232747,esol
CCOC(=O)CCN(SN(C)C(=O)Oc1cccc2CC(C)(C)Oc21)C(C)C,-0.8111189960544711,esol
Brc1ccccc1,0.2126618414705597,esol
Brc1cccc(Br)c1,-0.2565710423950795,esol
CCCO,1.7151550150605357,esol
COc1cccc(Cl)c1,0.1036481411785425,esol
COc1ccc(Cl)cc1,0.1036481411785425,esol
CCN2c1cc(N(C)C)cc(C)c1NC(=O)c3cccnc23 ,-0.8874285862588834,esol
CN(C)C(=O)Nc1cccc(OC(=O)NC(C)(C)C)c1 ,0.0325522496837485,esol
CCNc1nc(Cl)nc(NCC)n1 ,-0.7352833784600243,esol
COP(=S)(OC)Oc1ccc(cc1Cl)N(=O)=O,-0.6215299520683542,esol
CCOC(=O)NCCOc2ccc(Oc1ccccc1)cc2,-0.8063792699548183,esol
CCN2c1ccccc1N(C)C(=O)c3ccccc23 ,-0.8296039278431174,esol
O=C(C=CC=Cc2ccc1OCOc1c2)N3CCCCC3,-0.2186532335978561,esol
c1ccc2cnccc2c1,0.7340317124323809,esol
CCC(C)n1c(=O)[nH]c(C)c(Br)c1=O ,0.2254591019396224,esol
C=CC=O,1.6914563845622708,esol
COC(=O)Nc1cccc(OC(=O)Nc2cccc(C)c2)c1,-0.8561463940011738,esol
COC(=O)Nc2nc1ccc(cc1[nH]2)C(=O)c3ccccc3,-0.4177217297832787,esol
o1c2ccccc2c3ccccc13,-0.7589820089582889,esol
CCOC(=O)c1cncn1C(C)c2ccccc2,-0.8229683113036036,esol
Clc1ccc(cc1Cl)c2cc(Cl)c(Cl)c(Cl)c2Cl ,-2.285173813046529,esol
C1SC(=S)NC1(=O),0.5823604772434874,esol
CCc1ccc(C)cc1,-0.0527628201100038,esol
CC34CCC1C(CCC2=CC(=O)CCC12O)C3CCC4(O)C#C,-0.7447628306593305,esol
CC(=O)c1ccccc1,0.8146070561264804,esol
CCOP(=S)(OCC)SC(CCl)N2C(=O)c1ccccc1C2=O,-1.583694350297897,esol
Fc1ccccc1,0.5681412989445286,esol
CNC(=O)Oc1cccc(N=CN(C)C)c1,0.312196089563271,esol
Oc2ccc1ncccc1c2 ,0.3975111593570234,esol
CC(C)=CC3C(C(=O)OCc2cccc(Oc1ccccc1)c2)C3(C)C ,-1.062324479336076,esol
CCCCCCCC#C,-0.588351869370784,esol
Clc1ccc(Cl)c(c1)c2ccc(Cl)c(Cl)c2,-2.015009425366313,esol
Cc1c(C)c(C)c(C)c(C)c1C,-1.057584753236423,esol
Cc1ccccc1Cl,-0.2470915901957736,esol
CN(C)C(=O)Oc1nc(nc(C)c1C)N(C)C,0.4970454074497348,esol
FC(F)(F)C(Cl)Br ,0.6107988338414049,esol
CCCC(C)(C)O,1.1890454179990613,esol
CCCC1C(=O)N3N(C1=O)c2cc(C)ccc2N=C3N(C)C ,-0.255623097175149,esol
CCCC(O)C=C,1.141648157002532,esol
CC(=O)Nc1ccc(Cl)cc1,0.073787866750729,esol
CCC,0.5017851335493878,esol
CCOP(=S)(OCC)SCn1c(=O)oc2cc(Cl)ccc12,-1.0590066710663188,esol
Oc1ccc2ccccc2c1,0.3406344461611885,esol
CC(=O)OCC(=O)C3(O)CCC4C2CCC1=CC(=O)CCC1(C)C2C(=O)CC34C ,-0.5741326910718252,esol
COc1ccc(cc1)C(O)(C2CC2)c3cncnc3 ,0.1908591014121561,esol
Clc1ccc(cc1)c2ccc(Cl)cc2 ,-1.6879683244902612,esol
C2c1ccccc1N(CCF)C(=O)c3ccccc23 ,-0.8533025583413824,esol
CC(C)OC=O,1.1226892526039205,esol
CNN,2.0564152942355456,esol
CCCCC(CC)COC(=O)c1ccccc1C(=O)OCC(CC)CCCC,-1.8775573684763784,esol
Ic1ccccc1,-0.0053655591134746,esol
c1nccc(C(=O)NN)c1,1.4255577503717418,esol
NC(=S)Nc1ccccc1,0.5823604772434874,esol
ClC(Cl)=C(c1ccc(Cl)cc1)c2ccc(Cl)cc2,-1.8491190118784608,esol
CC(C)Oc1cc(c(Cl)cc1Cl)n2nc(oc2=O)C(C)(C)C,-1.2784559894802494,esol
CCSC(=O)N(CC(C)C)CC(C)C,-0.3229272077902205,esol
O=C1N(COC(=O)CCCC)C(=O)C(N1)(c2ccccc2)c3ccccc3,-0.7959518725355819,esol
C1Cc2ccccc2C1,-0.0195847374124335,esol
CCOCCOCC,1.0563330872087795,esol
CC(C)c1ccc(NC(=O)N(C)C)cc1,-0.2546751519552183,esol
CC(C)(C)CCO,1.1843056918994082,esol
COC(=O)c1cccnc1 ,1.20326459629802,esol
CC(=O)CC(c1ccc(Cl)cc1)c2c(O)c3ccccc3oc2=O,-1.3462340727052862,esol
COc1ccccc1O ,0.4923056813500819,esol
ClCC(C)C,0.4733467769514702,esol
CCC(C)C1(CC(Br)=C)C(=O)NC(=O)NC1=O ,0.1666864983039263,esol
O=C1NC(=O)C(N1)(c2ccccc2)c3ccccc3,-0.5205737861457473,esol
Clc1ccccc1,0.2932371851646593,esol
Cc1cccc(C)c1,0.0846892367799308,esol
CCCCCCCCBr,-0.9770094095423232,esol
CCOP(=S)(OCC)Oc1ccc(cc1)S(C)=O ,0.3311549939618827,esol
O=C2NC(=O)C1(CCC1)C(=O)N2,0.6368673273894959,esol
COCOC,1.6487988496653945,esol
O=C(Cn1ccnc1N(=O)=O)NCc2ccccc2,0.0894289628795836,esol
CCN2c1nc(N(C)(CCO))ccc1NC(=O)c3cccnc23 ,-0.1712559726013268,esol
CC/C=C/C,0.2174015675702125,esol
Cc1cccc(C)c1O,0.8098673300268275,esol
Nc1cccc(Cl)c1,0.7719495212296041,esol
CCCC(=O)CCC,0.8051276039271746,esol
Clc1ccc(cc1)C(c2ccc(Cl)cc2)C(Cl)(Cl)Cl,-1.967612164369784,esol
CC(C)(C)C(=O)C(Oc1ccc(Cl)cc1)n2cncn2,-0.2897491250926499,esol
Clc1ccc(Cl)cc1,-0.1285984377044506,esol
CCCCc1c(C)nc(NCC)[nH]c1=O,-0.01389706609285,esol
Oc1ccc(Cl)c(Cl)c1Cl,0.1557851282747246,esol
CCOC(=O)c1ccccc1,0.3216755417625768,esol
CCCCS,0.3880317071577175,esol
CON(C)C(=O)Nc1ccc(Cl)cc1,0.2031823892712538,esol
CCCOC(=O)c1ccc(N)cc1,0.2591111572471582,esol
Oc1cc(Cl)c(Cl)c(Cl)c1Cl,-0.0717217245086155,esol
CCCCOC(=O)CCCCCCCCC(=O)OCCCC,-0.4253052915427234,esol
CCOC(=O)c1ccccc1S(=O)(=O)NN(C=O)c2nc(Cl)cc(OC)n2,-0.7476066663191223,esol
COC(=O)c1ccc(O)cc1,0.5553440384754658,esol
NC(=N)NS(=O)(=O)c1ccc(N)cc1 ,0.4780865030511231,esol
ClCCCCl,0.6534563687382812,esol
Brc1cc(Br)c(Br)cc1Br,-1.887036820675684,esol
Clc1cc(Cl)c(c(Cl)c1)c2c(Cl)cc(Cl)cc2Cl ,-2.70700943591564,esol
c1(C(=O)OCCCCCC(C)(C))c(C(=O)OCCCCCC(C)(C))cccc1,-1.724464215457589,esol
Clc1cccc(Cl)c1Cl,-0.4745984429791138,esol
CCN(CC)c1nc(Cl)nc(NC(C)C)n1,-0.3726943318365761,esol
ClC1C(Cl)C(Cl)C(Cl)C(Cl)C1Cl,-0.7779409133569006,esol
Oc1ccc(Cl)cc1C(=O)Nc2ccc(cc2Cl)N(=O)=O,-0.8063792699548183,esol
Oc1cc(Cl)cc(Cl)c1Cl,0.1557851282747246,esol
Clc1ccc(Br)cc1,-0.2992285772919557,esol
C1Cc2cccc3cccc1c23,-0.7732011872572477,esol
CCc1cccc(CC)c1N(COC)C(=O)CCl ,-0.1238587116047976,esol
ClC(Cl)C(c1ccc(Cl)cc1)c2ccc(Cl)cc2 ,-1.9913107948680489,esol
CCCC(C)CO,0.8951823998205801,esol
CCCCCCCCC=C,-1.1902970840267046,esol
CCOc1ccc(cc1)C(C)(C)COCc3cccc(Oc2ccccc2)c3,-2.654872448819457,esol
Cc1c(F)c(F)c(COC(=O)C2C(C=C(Cl)C(F)(F)F)C2(C)C)c(F)c1F,-2.048661480673849,esol
COP(=S)(OC)Oc1cc(Cl)c(Br)cc1Cl,-1.4652011978065742,esol
O=C1NC(=O)NC(=O)C1(CC)C(C)CCC,0.2884974590650063,esol
Oc1c(Cl)c(Cl)cc(Cl)c1Cl,-0.1759956987009799,esol
CC(C)OC(C)C,0.899922125920233,esol
ClCC(Cl)(Cl)Cl,0.3880317071577175,esol
CCOP(=S)(OCC)Oc1ccc(cc1)N(=O)=O,-0.7874203655562066,esol
CCSCc1ccccc1OC(=O)NC ,0.430689242054594,esol
O=C1NC(=O)NC(=O)C1(CC)C(C)C,0.4031988306766069,esol
Cn1cnc2n(C)c(=O)n(C)c(=O)c12,1.0060919905524586,esol
CCCC=O,1.4165522707824014,esol
CCC1CCCCC1,-0.5930915954704369,esol
CC1=CCC(CC1)C(C)=C,-0.5978313215700897,esol
Clc1cccc2ccccc12,-0.4414203602815434,esol
Cc1ccccc1,0.3738125288587589,esol
CCCOCCO,-0.6612643032543782,freesolv
COC(=O)CCl,-0.0459348067145662,freesolv
CC(=O)c1cccnc1,-1.1381446630727328,freesolv
CCCCCCCCBr,1.1129357451020794,freesolv
CCCCCCCC=O,0.3924874595700495,freesolv
C(C(Cl)Cl)(Cl)Cl,0.3719764763520558,freesolv
Cc1cccc(c1)O,-0.4279518691496995,freesolv
C=CCO,-0.3100137156462356,freesolv
C[C@@H](c1ccc2cc(ccc2c1)OC)C(=O)O,-1.63809987901133,freesolv
c1ccc2c(c1)Cc3ccccc3C2,0.0104703971349164,freesolv
CCSCC,0.6052889104567346,freesolv
Cc1ccnc(c1)C,-0.2664278763079989,freesolv
c1cc(ccc1N)N(=O)=O,-1.53810883582361,freesolv
CCCC(C)(C)C,1.7180097500328946,freesolv
C([C@@H]1[C@H]([C@@H]([C@H]([C@@H](O1)O)O)O)O)O,-5.550569927843633,freesolv
CCCCC/C=C/C=O,0.1002059487136389,freesolv
CC(=CCC[C@](C)(C=C)OC(=O)C)C,0.3412100015250652,freesolv
C(C(Cl)(Cl)Cl)Cl,0.6129805291634821,freesolv
CC(C)Br,0.8565484548771578,freesolv
CN(C)CCC=C1c2ccccc2CCc3c1cccc3,-0.9253432121860474,freesolv
c1cc(cc(c1)Cl)Cl,0.728354809764697,freesolv
c1cc(cnc1)C#N,-0.7509998548331007,freesolv
c1c(c(=O)[nH]c(=O)[nH]1)Cl,-3.5686961744049888,freesolv
Cc1c[nH]cn1,-1.6534831164248247,freesolv
c1cc(ccc1C=O)O,-1.2842854185009378,freesolv
CSC,0.5668308169229964,freesolv
COc1c(c(c(c(c1Cl)C=O)Cl)OC)O,-1.2458273249671994,freesolv
CCNc1nc(nc(n1)SC)NC(C)C,-0.98174841603553,freesolv
C[C@@H](CCl)Cl,0.6540024955994697,freesolv
c1ccc2c(c1)cccn2,-0.4869209459014313,freesolv
COC(c1ccccc1)(OC)OC,-0.0561902983235631,freesolv
Cc1cc2ccccc2cc1C,0.2668576873598381,freesolv
Cn1cccc1,0.2386550854350966,freesolv
c1ccc(c(c1)[N+](=O)[O-])O,-0.1946394350450208,freesolv
Cc1cc(ccc1Cl)O,-0.7612553464420976,freesolv
CC(=O)OCCOC(=O)C,-0.6458810658408829,freesolv
CC[C@@H](C)C(C)C,1.6257103255519223,freesolv
CF,0.9232091503356372,freesolv
CN(CC(F)(F)F)c1ccccc1,0.4873507569532706,freesolv
CCCOC(=O)C,0.2642938144575888,freesolv
c1cc(c(cc1Cl)Cl)Cl,0.6924605891332078,freesolv
CN(C)C=O,-1.0227703824715173,freesolv
CCOCCOCC,0.0720033467888975,freesolv
c1ccc(cc1)CCl,0.4847868840510214,freesolv
CC(=C)C,1.2770236108460291,freesolv
CCCCC,1.56930512170244,freesolv
CCC(C)(C)CC,1.6359658171609197,freesolv
C[C@@H](CO[N+](=O)[O-])O[N+](=O)[O-],-0.2895027324282418,freesolv
COCC(OC)(OC)OC,-0.4894848188036808,freesolv
COc1ccc(cc1)C(=O)OC,-0.3869299027137121,freesolv
c1cc(ccc1O)Br,-0.5202512936306712,freesolv
c1ccc(cc1)Cl,0.6924605891332078,freesolv
c1ccc(cc1)[N+](=O)[O-],-0.0767012815415569,freesolv
Cc1cccnc1,-0.2433530201877558,freesolv
C[C@@H](CCO[N+](=O)[O-])O[N+](=O)[O-],-0.1202871208797936,freesolv
C1=CC(=O)C=CC1=O,-0.6869030322768703,freesolv
C(Cl)(Cl)Cl,0.7027160807422048,freesolv
Cc1ccc(cc1)C(=O)N(C)C,-1.522725598410115,freesolv
c1c2c(cc(c1Cl)Cl)Oc3c(c(c(c(c3Cl)Cl)Cl)Cl)O2,0.0284175074506609,freesolv
CC(=O)c1ccc(cc1)OC,-0.148489722804535,freesolv
CCCCCCCC(=O)OC,0.45658428212628,freesolv
CCCCC(=O)OCC,0.3412100015250652,freesolv
C(=C(Cl)Cl)Cl,0.8668039464861547,freesolv
CC(=O)c1ccccc1,-0.1946394350450208,freesolv
c1cnccc1C#N,-0.5638371329689079,freesolv
CCOP(=S)(OCC)Oc1ccc(cc1)[N+](=O)[O-],-0.7484359819308515,freesolv
C1CNC1,-0.4458989794654439,freesolv
c1ccc(cc1)CCO,-0.7612553464420976,freesolv
Cc1cccc(c1C)Nc2ccccc2C(=O)O,-0.7586914735398484,freesolv
CCCCCC=O,0.2591660686530903,freesolv
CCCC(=C)C,1.356503670815755,freesolv
c1cc(cc(c1)O)C=O,-1.4611926487561335,freesolv
c1ccsc1,0.62067214787023,freesolv
c1c(c(=O)[nH]c(=O)[nH]1)C(F)(F)F,-2.984133152692168,freesolv
Cc1cccc(c1O)C,-0.3689827923979674,freesolv
CCCC,1.5180276636574557,freesolv
CC(C)C=C,1.4488030952967268,freesolv
CC(=CCC/C(=C\CO)/C)C,-0.2459168930900052,freesolv
CC(C)(/C=N\OC(=O)NC)SC,-1.5432365816281086,freesolv
Cc1ccncc1,-0.2843749866237433,freesolv
CCC=C,1.3334288146955118,freesolv
CCOC(=O)C[C@H](C(=O)OCC)SP(=S)(OC)OC,-1.109942061147991,freesolv
CCCCCCN,-0.0331154422033202,freesolv
c1cc(c(c(c1)Cl)Cl)Cl,0.6616941143062174,freesolv
COc1ccccc1O,-0.5433261497509143,freesolv
c1ccc(cc1)CCCO,-0.7945856941713374,freesolv
CCOP(=S)(OCC)SCSP(=S)(OCC)OCC,-0.5843481161869016,freesolv
c1c(c(=O)[nH]c(=O)[nH]1)I,-3.8199557188254127,freesolv
CC(C)CCO,-0.1536174686090334,freesolv
c1(c(c(c(c(c1Cl)Cl)Cl)Cl)Cl)N(=O)=O,-0.3587273007889705,freesolv
CC1CCC(CC1)C,1.5205915365597047,freesolv
COC(C(F)(F)F)(OC)OC,0.7745045220051827,freesolv
COC(=O)C1CC1,-0.0715735357370584,freesolv
c1ccc(cc1)C#N,-0.0715735357370584,freesolv
COc1cccc(c1)N,-0.8894489915545585,freesolv
CC(C)CO[N+](=O)[O-],0.4976062485622675,freesolv
C(C(F)(Cl)Cl)(F)(F)Cl,1.4334198578832311,freesolv
C1CCNC1,-0.4253879962474504,freesolv
CC(=O)N,-1.5099062338988691,freesolv
CC[C@H](C)O,-0.2048949266540177,freesolv
CCCCO,-0.2305336556765098,freesolv
CCCCCC(=O)OC,0.3412100015250652,freesolv
C1C=CC[C@@H]2[C@@H]1C(=O)N(C2=O)SC(Cl)(Cl)Cl,-1.3304351307414235,freesolv
c1(c(c(c(c(c1Cl)Cl)Cl)Cl)Cl)c2c(c(c(c(c2Cl)Cl)Cl)Cl)Cl,0.2155802293148536,freesolv
CC(=C)C=C,1.1539577115380668,freesolv
COc1c(ccc(c1C(=O)O)Cl)Cl,-1.5483643274326069,freesolv
COC(CCl)(OC)OC,-0.19720330794727,freesolv
Cc1ccc(c(c1)OC)O,-0.5074319291194251,freesolv
c1ccc(cc1)F,0.7745045220051827,freesolv
CNc1ccccc1,-0.2228420369697622,freesolv
c1cnc[nH]1,-1.4893952506808752,freesolv
C[C@@H](c1ccc(c(c1)F)c2ccccc2)C(=O)O,-1.1791666295087202,freesolv
CCCCI,0.9155175316288896,freesolv
CCCN(CCC)C(=O)SCCC,-0.0792651544438061,freesolv
CC(C)NC(C)C,0.1540472796608724,freesolv
CCCCCCCC,1.7180097500328946,freesolv
CCOC(=O)c1ccccc1,0.0463646177664054,freesolv
CCOCCO,-0.7356166174196055,freesolv
CCCCc1ccccc1,0.8770594380951515,freesolv
c1ccc(c(c1)N)Cl,-0.2792472408192449,freesolv
CCCCCC(=O)N,-1.4073513178089003,freesolv
c1ccc(c(c1)O)I,-0.609986845209394,freesolv
c1cc(ccc1N)Cl,-0.5330706581419175,freesolv
c1cc[nH]c1,-0.2459168930900052,freesolv
CN1CCN(CC1)C,-0.9638013057197858,freesolv
CC(C)CCOC=O,0.4335094260060371,freesolv
CS(=O)C,-1.3996596991021524,freesolv
C=CCC=C,1.2180545340942972,freesolv
C(CCl)Cl,0.5206811046825104,freesolv
CCc1cccc2c1cccc2,0.3642848576453082,freesolv
c1ccc(c(c1)C(F)(F)F)C(F)(F)F,1.2539487547257862,freesolv
CC(=C)[C@H]1CCC(=CC1)C=O,-0.0690096628348092,freesolv
CC(=O)C1CCCCC1,-0.020296077692074,freesolv
CCC(CC)O,-0.1356703582932887,freesolv
Cc1cc(cc(c1)C)C,0.7488657929826907,freesolv
c1ccc(cc1)c2cc(ccc2Cl)Cl,0.348901620231813,freesolv
CCCCCCCCCC(=O)C,0.4283816802015386,freesolv
CCO,-0.3023220969394879,freesolv
C=C(Cl)Cl,1.0437111767413505,freesolv
Cc1cccnc1C,-0.256172384699002,freesolv
Cc1ccccc1Cl,0.6873328433287095,freesolv
c1ccccc1,0.7488657929826907,freesolv
c1c(c(c(c(c1Cl)Cl)Cl)Cl)c2c(cc(c(c2Cl)Cl)Cl)Cl,-0.2023310537517685,freesolv
COP(=O)([C@H](C(Cl)(Cl)Cl)O)OC,-2.2867597232803814,freesolv
c1ccc(cc1)I,0.5335004691937566,freesolv
CC(F)F,0.9514117522603788,freesolv
C1CC1,1.1719048218538113,freesolv
c1ccc(cc1)Oc2ccccc2,0.243782831239595,freesolv
CCCCCCCC=C,1.5077721720484585,freesolv
CCCCCCCCO,-0.0690096628348092,freesolv
Cc1c(c(=O)n(c(=O)[nH]1)C(C)(C)C)Cl,-1.876540058920507,freesolv
CC1=CC(=O)[C@@H](CC1)C(C)C,-0.1766923247292762,freesolv
c1ccc(cc1)c2cc(c(c(c2Cl)Cl)Cl)Cl,0.0873865842023929,freesolv
CCC/C=C/C=O,0.0361091261574085,freesolv
C1CCC(C1)O,-0.4279518691496995,freesolv
CCCCCC,1.6154548339429255,freesolv
CCI,0.7898877594186782,freesolv
Cc1ccc(cc1)O,-0.5920397348936492,freesolv
CN(C)c1ccccc1,0.0950782029091405,freesolv
CC(=O)CO[N+](=O)[O-],-0.5561455142621603,freesolv
Cc1ccccc1C,0.7488657929826907,freesolv
Cc1ccccc1[N+](=O)[O-],0.0617478551799007,freesolv
Cc1ccc(cc1)C=O,-0.1151593750752949,freesolv
C=CC=C,1.1231912367110763,freesolv
S,0.800143251027675,freesolv
Cc1cc(c2ccccc2c1)C,0.3463377473295637,freesolv
C=CCCC=C,1.238565517312291,freesolv
c1ccc2cc(ccc2c1)O,-1.099686569538994,freesolv
CCCCCC=C,1.4052172559584903,freesolv
COc1ccc(cc1)N,-0.9381625766972936,freesolv
C1CCCCC1,1.2949707211617738,freesolv
Cc1ccc(cc1)C(C)C,0.8052709968321734,freesolv
c12c(c(c(c(c1Cl)Cl)Cl)Cl)Oc3c(c(c(c(c3Cl)Cl)Cl)Cl)O2,-0.1818200705337747,freesolv
CCl,0.8386013445614132,freesolv
c1ccc2c(c1)Oc3ccccc3O2,0.171994389976617,freesolv
CC(C)CC(C)C,1.7051903855216486,freesolv
CI,0.7514296658849399,freesolv
CC(OC(=O)C)OC(=O)C,-0.2946304782327402,freesolv
CC[C@H](C)Cl,0.9796143541851202,freesolv
c1ccncc1,-0.2228420369697622,freesolv
C1CC=CC1,1.1231912367110763,freesolv
C(C(Cl)(Cl)Cl)(Cl)Cl,0.6642579872084666,freesolv
CCCCOCCO,-0.6228062097206399,freesolv
c1ccc2c(c1)C(=O)c3c(ccc(c3C2=O)N)N,-2.058575034980201,freesolv
CCC(=O)OC,0.2283995938260997,freesolv
CC[C@@H](C)CO,-0.1536174686090334,freesolv
CN1CCCCC1,-0.0151683318875756,freesolv
c1cc(cc(c1)O)C#N,-1.4945229964853737,freesolv
CCc1ccccc1C,0.7616851574939367,freesolv
CS(=O)(=O)Cl,-0.2689917492102481,freesolv
C1CCCC1,1.287279102455026,freesolv
CCCN(CCC)c1c(cc(cc1[N+](=O)[O-])S(=O)(=O)C)[N+](=O)[O-],-1.0663562218097546,freesolv
COc1cccc(c1)O,-0.9843122889377792,freesolv
c1c(cc(c(c1Cl)Cl)Cl)Cl,0.5642669440207471,freesolv
CCCCCCO,-0.148489722804535,freesolv
CC(C)(C)c1ccc(cc1)O,-0.5356345310441666,freesolv
[C@@H](C(F)(F)F)(OC(F)F)Cl,1.0052530832076123,freesolv
CCCCCCCI,1.048838922545849,freesolv
CCOCC,0.5719585627274948,freesolv
c1c(c(cc(c1Cl)Cl)Cl)Cl,0.6360553852837251,freesolv
CCCc1ccc(cc1)O,-0.3561634278867214,freesolv
CCOC(=O)CCC(=O)OCC,-0.4843570729991822,freesolv
CCCCCCCCl,1.0539666683503472,freesolv
C1CCC=CC1,1.0155085748166093,freesolv
CCNc1nc(nc(n1)Cl)NCC,-1.640663751913579,freesolv
Cc1ccc(cc1)Br,0.6232360207724791,freesolv
CCCCC#C,1.0539666683503472,freesolv
CCCC=O,0.1643027712698693,freesolv
c1ccc(cc1)CBr,0.3694126034498067,freesolv
CCS,0.6873328433287095,freesolv
C(=C/Cl)\Cl,0.7796322678096813,freesolv
CCCCCCC#C,1.1616493302448143,freesolv
CC(=O)C1CC1,-0.2023310537517685,freesolv
CC(C)(C)c1ccccc1,0.8668039464861547,freesolv
CC/C=C\C,1.3154817043797673,freesolv
CC(Cl)(Cl)Cl,0.9309007690423852,freesolv
CCCCCCC,1.664168419085661,freesolv
c1ccc(cc1)Cn2ccnc2,-0.9766206702310316,freesolv
CCC(C)C,1.5898161049204331,freesolv
C(CBr)Br,0.3822319679610527,freesolv
Cc1cccc(c1)C,0.7668129032984352,freesolv
c1cc(ccc1[N+](=O)[O-])O,-1.748346413808046,freesolv
COC(CC#N)(OC)OC,-0.6612643032543782,freesolv
COCCO,-0.7176695071038607,freesolv
CCCC[N+](=O)[O-],0.1873776273901123,freesolv
CCCC(=O)C,0.077131092593396,freesolv
CCN(CC)c1c(cc(c(c1[N+](=O)[O-])N)C(F)(F)F)[N+](=O)[O-],-0.4715377084879361,freesolv
C/C=C/C=O,-0.102340010564049,freesolv
COC(C(Cl)Cl)(F)F,0.6924605891332078,freesolv
c1ccc(c(c1)N)[N+](=O)[O-],-0.9099599747725522,freesolv
Cc1ccc(c2c1cccc2)C,0.2566021957508412,freesolv
CCCC(C)(C)O,-0.0254238234965725,freesolv
CCCCCCc1ccccc1,0.9693588625761232,freesolv
C[C@H]1CCCO1,0.1335362964428787,freesolv
CC=O,0.0822588383978945,freesolv
COC(=O)CC#N,-0.743308236126353,freesolv
CS(=O)(=O)C,-1.6047695312820898,freesolv
C(=C(F)F)(C(F)(F)F)F,1.7308291145441406,freesolv
CCCCN,-0.1074677563685475,freesolv
c1cc2ccc3cccc4c3c2c(c1)cc4,-0.1792561976315254,freesolv
c1ccc(c(c1)O)F,-0.3766744111047152,freesolv
CC,1.4488030952967268,freesolv
CCCCCc1ccccc1,0.920645277433388,freesolv
C(Br)(Br)Br,0.4335094260060371,freesolv
c1ccc2c(c1)CCC2,0.6052889104567346,freesolv
CC(C)O,-0.2356614014810083,freesolv
CCCCN(CC)C(=O)SCCC,0.0463646177664054,freesolv
c1cc(cc(c1)[N+](=O)[O-])N,-1.286849291403187,freesolv
CN1CCNCC1,-1.0125148908625206,freesolv
CCC(=O)O,-0.6766475406678735,freesolv
CC(C)CO,-0.174128451827027,freesolv
CCC(C)(C)O,-0.1561813415112824,freesolv
CCc1ccccc1,0.7770683949074321,freesolv
CCCC(=O)OCCC,0.3950513324722988,freesolv
Cc1ccccc1O,-0.5330706581419175,freesolv
CCCCC#N,0.077131092593396,freesolv
Cc1cc(cnc1)C,-0.2613001305035003,freesolv
CCCCCCCl,0.9796143541851202,freesolv
C1CCC(=O)CC1,-0.2792472408192449,freesolv
Cc1ccccn1,-0.2074587995562668,freesolv
CC(C)SC(C)C,0.669385733012965,freesolv
c1cc(ccc1O)Cl,-0.8227882960960788,freesolv
CO,-0.32796082596198,freesolv
CC[C@H](C)n1c(=O)c(c([nH]c1=O)C)Br,-1.5150339797033674,freesolv
CCc1cnccn1,-0.4176963775407027,freesolv
CC(Cl)Cl,0.7642490303961861,freesolv
C(CO[N+](=O)[O-])O,-1.1176336798547386,freesolv
CCc1ccncc1,-0.2330975285787591,freesolv
C=Cc1ccccc1,0.6616941143062174,freesolv
CCCC#N,0.0463646177664054,freesolv
C(I)I,0.3412100015250652,freesolv
CCC(=O)OCC,0.2924964163823301,freesolv
C,1.4923889346349632,freesolv
CCCc1ccccc1,0.8437290903659117,freesolv
CCc1ccc(cc1)O,-0.5920397348936492,freesolv
CC(C)OC=O,0.4617120279307785,freesolv
c1cc(c(cc1c2cc(c(c(c2Cl)Cl)Cl)Cl)Cl)Cl,0.2001969919013583,freesolv
C1CNCCN1,-0.9176515934793,freesolv
CCC(=O)N,-1.430426173929143,freesolv
CCC[N+](=O)[O-],0.1232808048338819,freesolv
COCCN,-0.6997223967881163,freesolv
Cc1ccc(cc1)N,-0.4484628523676932,freesolv
COC(=O)c1ccccc1,-0.0254238234965725,freesolv
CC(C)Cc1cnccn1,-0.3125775885484848,freesolv
c1ccc2c(c1)Oc3ccc(cc3O2)Cl,0.184813754487863,freesolv
CCc1cccnc1,-0.19720330794727,freesolv
C[C@H](CC(C)C)O,0.0232897616461624,freesolv
CCCCCCCCN,0.0438007448641562,freesolv
C1=C[C@@H]([C@@H]2[C@H]1[C@@]3(C(=C([C@]2(C3(Cl)Cl)Cl)Cl)Cl)Cl)Cl,0.3258267641115701,freesolv
c1ccc(cc1)c2c(cc(cc2Cl)Cl)Cl,0.4258178072992893,freesolv
CCCCCCBr,1.0257640664256058,freesolv
CCC#N,-0.0049128402785787,freesolv
c1ccc2c(c1)C(=O)c3cccc(c3C2=O)NCCO,-2.663649039911016,freesolv
[C@@H](C(F)(F)F)(Cl)Br,0.9514117522603788,freesolv
CS,0.6719496059152142,freesolv
C(CO[N+](=O)[O-])CO[N+](=O)[O-],-0.2510446388945035,freesolv
CC1=CC(=O)CC(C1)(C)C,-0.3484718091799736,freesolv
c1ccc2c(c1)cccc2O,-0.9868761618400288,freesolv
c1ccc(cc1)N,-0.4279518691496995,freesolv
c1cc(cc(c1)O)[N+](=O)[O-],-1.4868313777786255,freesolv
CCCCCCCBr,1.0667860328615937,freesolv
CN1CCOCC1,-0.6407533200363845,freesolv
CCC[C@H](C)CC,1.6744239106946577,freesolv
C(C(Cl)Cl)Cl,0.469403646637526,freesolv
C(=C(Cl)Cl)(Cl)Cl,1.0052530832076123,freesolv
c1cc2c(cc1Cl)Oc3c(c(c(c(c3Cl)Cl)Cl)Cl)O2,-0.0843929002483046,freesolv
CCCBr,0.836037471659164,freesolv
CCBr,0.7898877594186782,freesolv
C(F)(F)(F)F,1.7795426996868755,freesolv
c1cc(c(cc1c2c(c(cc(c2Cl)Cl)Cl)Cl)Cl)Cl,-0.1433619770000365,freesolv
CCCC#C,0.9821782270873692,freesolv
CCC#C,0.9385923877491328,freesolv
CN(C)CCOC(c1ccccc1)c2ccccc2,-1.4150429365156476,freesolv
c1ccc(cc1)Br,0.6052889104567346,freesolv
CCC(C)CC,1.6231464526496735,freesolv
CCCCCCCO,-0.0997761376617998,freesolv
Cc1cccc(c1C)C,0.669385733012965,freesolv
CC(C)CCOC(=O)C,0.4129984427880433,freesolv
C(C(F)(F)F)O,-0.1254148666842918,freesolv
CCCCCCOC(=O)C,0.4001790782767974,freesolv
C1CCCC(CC1)O,-0.4253879962474504,freesolv
c1ccc2c(c1)cccc2N,-0.8868851186523092,freesolv
CCCC1CCCC1,1.5257192823642032,freesolv
CCCCCCI,1.0001253374031138,freesolv
COCCOC,-0.2613001305035003,freesolv
CCCCCI,0.9437201335536312,freesolv
CCCCNCCCC,0.1489195338563739,freesolv
CC#N,-0.0151683318875756,freesolv
CCCCCCl,0.953975625162628,freesolv
CCC(=O)CC,0.1053336945181373,freesolv
C1[C@H]([C@@H]([C@H]([C@H](O1)O)O)O)O,-4.281452841230272,freesolv
CCOP(=S)(OCC)SCSc1ccc(cc1)Cl,-0.6869030322768703,freesolv
CCCC[C@@H](C)CC,1.7410846061531375,freesolv
c1ccc2c(c1)C(=O)c3c(ccc(c3C2=O)O)N,-1.4637565216583828,freesolv
C1C=CC=CC=C1,0.7257909368624478,freesolv
CSSC,0.5104256130735136,freesolv
CCCOC=O,0.3437738744273145,freesolv
CCCCCC#C,1.133446728320073,freesolv
CC(C)C,1.56930512170244,freesolv
CC(C)COC(=O)C,0.3745403492543051,freesolv
CCCCCOC(=O)CC,0.4386371718105355,freesolv
c1ccc2ccccc2c1,0.3642848576453082,freesolv
Cc1cccc(c1N)C,-0.3561634278867214,freesolv
CCc1ccc(cc1)C,0.7360464284714446,freesolv
c1ccc(cc1)C(=O)N,-1.8406458382890176,freesolv
c1ccc(c(c1)Cl)Cl,0.6309276394792268,freesolv
c1cc2c(cc1Cl)Oc3cc(c(c(c3O2)Cl)Cl)Cl,-0.0049128402785787,freesolv
CCCNCCC,0.0438007448641562,freesolv
CCCCOC(=O)C,0.302751907991327,freesolv
CCC[C@@H](C)O,-0.1459258499022856,freesolv
CCCC(=O)O,-0.648444938743132,freesolv
c1(=O)[nH]c(=O)[nH]c(=O)[nH]1,-3.650740107276964,freesolv
CCCCC=C,1.3847062727404962,freesolv
CCCI,0.8437290903659117,freesolv
CC(C)C(=O)C(C)C,0.2771131789688348,freesolv
C1CCOCC1,0.1796860086833646,freesolv
CC(=C)C(=C)C,1.0821692702750887,freesolv
CCCCC(C)C,1.7308291145441406,freesolv
Cc1ccc2cc(ccc2c1)C,0.3053157808935763,freesolv
CCNCC,-0.0638819170303108,freesolv
CC(=O)OC,0.1771221357811154,freesolv
Cc1cccc(c1C)O,-0.599731353600397,freesolv
CCOC(C)OCC,0.1386640422473772,freesolv
c1c(=O)[nH]c(=O)[nH]c1Cl,-3.078996450075389,freesolv
c1cc(c(c(c1)Cl)c2c(cc(cc2Cl)Cl)Cl)Cl,0.4770952653442737,freesolv
CCCC(=O)CCC,0.230963466728349,freesolv
CCN(CC)CC,0.1540472796608724,freesolv
CCCOC(=O)c1ccc(cc1)O,-1.4227345552223951,freesolv
CNC,-0.1202871208797936,freesolv
Cc1ccccc1N,-0.4382073607586964,freesolv
c1cc(ccc1C#N)O,-1.6278443874023327,freesolv
CC[C@H](C)c1ccccc1,0.8642400735839054,freesolv
CCCCCl,0.9385923877491328,freesolv
CCCCCC(=O)OCC,0.4078706969835449,freesolv
CCCCC=O,0.2027608648036076,freesolv
CCCCl,0.895006548410896,freesolv
CCOC(=O)CC(=O)OCC,-0.5587093871644095,freesolv
CBr,0.7693767762006846,freesolv
c1ccc2cc3ccccc3cc2c1,-0.0331154422033202,freesolv
CC(C)OC,0.4642759008330277,freesolv
C(CCCl)CCl,0.384795840863302,freesolv
c1ccc2c(c1)Oc3c(c(c(c(c3Cl)Cl)Cl)Cl)O2,0.0027787784281688,freesolv
CCCCCC1CCCC1,1.63340194425867,freesolv
CN(C)C(=O)c1ccc(cc1)[N+](=O)[O-],-2.084213764002693,freesolv
Cc1ccncc1C,-0.3587273007889705,freesolv
CC1(Cc2cccc(c2O1)OC(=O)NC)C,-1.4842675048763765,freesolv
c1ccc(cc1)O[C@@H](C(F)F)F,0.6488747497949713,freesolv
CCOC(=O)C,0.2258357209238505,freesolv
c1ccc(cc1)C(F)(F)F,0.9155175316288896,freesolv
c1ccc(cc1)O,-0.7125417612993624,freesolv
c1cc(c(c(c1Cl)Cl)Cl)Cl,0.6360553852837251,freesolv
CC(=O)C,0.0053426513304179,freesolv
CCCCCCC(=O)C,0.2412189583373458,freesolv
CC(C)C=O,0.2463467041418443,freesolv
C1CCC(CC1)O,-0.4202602504429518,freesolv
CNC(=O)Oc1cccc2c1cccc2,-1.443245538440389,freesolv
COS(=O)(=O)OC,-0.32796082596198,freesolv
C1CCOC1,0.089950457104642,freesolv
CCCCCCCCCC,1.7897981912958725,freesolv
c1cc(c(cc1c2ccc(cc2F)F)C(=O)O)O,-1.430426173929143,freesolv
CCCCCC(=O)O,-0.612550718111643,freesolv
Cc1cc(cc(c1)O)C,-0.6279339555251383,freesolv
CCCC/C=C/C,1.4103450017629886,freesolv
Cc1c[nH]c2c1cccc2,-0.527942912337419,freesolv
c1c(cc(cc1Cl)Cl)Cl,0.7796322678096813,freesolv
CC(=CCC/C(=C/CO)/C)C,-0.161309087315781,freesolv
c1ccc2c(c1)C(=O)c3cccc(c3C2=O)N,-1.4406816655381398,freesolv
C([C@H]([C@H]([C@@H]([C@@H](CO)O)O)O)O)O,-5.0762534409275295,freesolv
c1ccc-2c(c1)Cc3c2cccc3,0.1207169319316326,freesolv
CCCCCCC=C,1.4718779514169695,freesolv
c1ccc(cc1)OC=O,0.0002149055259196,freesolv
C[C@@H](c1ccc(cc1)CC(C)C)C(=O)O,-0.8150966773893311,freesolv
CCCl,0.8180903613434195,freesolv
C(F)Cl,0.7821961407119306,freesolv
C=C(c1ccccc1)c2ccccc2,0.2668576873598381,freesolv
c1cc(cc(c1)Cl)N,-0.5125596749239236,freesolv
C(Cl)Cl,0.6437470039904728,freesolv
Cc1ccc(nc1)C,-0.2305336556765098,freesolv
CCCCCCO[N+](=O)[O-],0.5540114524117503,freesolv
CCCS,0.6975883349377063,freesolv
CC#C,0.8565484548771578,freesolv
c1ccc2c(c1)Oc3cc(c(cc3O2)Cl)Cl,0.0668756009843991,freesolv
CC[C@@H](C)c1cc(cc(c1O)[N+](=O)[O-])[N+](=O)[O-],-0.6176784639161416,freesolv
c1c2c(cc(c1Cl)Cl)Oc3cc(c(cc3O2)Cl)Cl,0.1155891861271341,freesolv
Cc1ccccc1,0.7488657929826907,freesolv
COC(=O)c1ccc(cc1)[N+](=O)[O-],-0.7843302025623405,freesolv
CCCC(=O)OCC,0.3412100015250652,freesolv
c1ccc(cc1)C=O,-0.0510625525190646,freesolv
C(CO[N+](=O)[O-])O[N+](=O)[O-],-0.4894848188036808,freesolv
CN,-0.1869478163382731,freesolv
CC(C)(C)C,1.6231464526496735,freesolv
CCC=O,0.1002059487136389,freesolv
CSc1ccccc1,0.2796770518710841,freesolv
CCOP(=S)(OCC)S[C@@H](CCl)N1C(=O)c2ccccc2C1=O,-0.49204869170593,freesolv
C[C@@H](C(F)(F)F)O,-0.0869567731505537,freesolv
CC(C)CCC(C)(C)C,1.7308291145441406,freesolv
CCc1ccccc1O,-0.4715377084879361,freesolv
C=O,0.2745493060665857,freesolv
C(Br)Br,0.4770952653442737,freesolv
c1cc2cccc3c2c(c1)CC3,0.171994389976617,freesolv
Cc1ccc(c(c1)C)C,0.7591212845916876,freesolv
CCOP(=O)(OCC)O/C(=C/Cl)/c1ccc(cc1Cl)Cl,-0.8330437877050757,freesolv
CCCCC(=O)CCCC,0.302751907991327,freesolv
c1ccc(cc1)n2c(=O)c(c(cn2)N)Cl,-3.232828824210342,freesolv
C[C@H]1CC[C@@H](O1)C,0.230963466728349,freesolv
CC1CCCCC1,1.4154727475674866,freesolv
c1cc(cc(c1)Cl)O,-0.7176695071038609,freesolv
CCCCCCCN,0.0079065242326671,freesolv
c1ccc2c(c1)C(=O)c3ccc(cc3C2=O)N,-1.976531102108226,freesolv
C[N+](=O)[O-],-0.0510625525190646,freesolv
CCC,1.4923889346349632,freesolv
CC(=O)Oc1ccccc1C(=O)O,-1.5688753106506006,freesolv
CC1=CCCCC1,1.1513938386358178,freesolv
C(C(Cl)(Cl)Cl)(Cl)(Cl)Cl,0.8155264884411703,freesolv
CCOP(=S)(OCC)Oc1c(cc(c(n1)Cl)Cl)Cl,-0.3125775885484848,freesolv
c1cc(ccc1Cl)Cl,0.7206631910579493,freesolv
C[C@H](C(F)(F)F)O,-0.0972122647595506,freesolv
c1ccc2cc(ccc2c1)N,-0.9355987037950442,freesolv
CCCCBr,0.8770594380951515,freesolv
C[C@@H]1CCCC[C@@H]1C,1.3847062727404962,freesolv
COC(=O)c1ccc(cc1)O,-1.458628775853884,freesolv
CN(C)C,0.1591750254653708,freesolv
CCCCCCCC(=O)C,0.3412100015250652,freesolv
Cn1cnc2c1c(=O)n(c(=O)n2C)C,-2.2611209942578894,freesolv
CCCSCCC,0.6514386226972205,freesolv
Cc1ccccc1C=O,-0.0279876963988218,freesolv
Cc1ccc(cc1C)O,-0.6869030322768703,freesolv
c1(c(c(c(c(c1Cl)Cl)Cl)Cl)Cl)Cl,0.3822319679610527,freesolv
CC[N+](=O)[O-],0.0284175074506609,freesolv
CCc1cccc(c1N(COC)C(=O)CCl)CC,-1.1253252985614868,freesolv
CCOC(OCC)Oc1ccccc1,-0.36129117369122,freesolv
CC(C)CC(=O)C,0.1976331189991091,freesolv
CCCCCCCCCO,-0.0151683318875756,freesolv
c1cc(c(c(c1c2cc(c(c(c2Cl)Cl)Cl)Cl)Cl)Cl)Cl,-0.148489722804535,freesolv
COc1c(cc(c(c1O)OC)Cl)Cl,-0.6715197948633751,freesolv
CCCOC,0.5540114524117503,freesolv
c1cc(c(cc1Cl)c2cc(c(c(c2)Cl)Cl)Cl)Cl,0.0540562364731531,freesolv
C1COCCO1,-0.3177053343529831,freesolv
CC(C)OC(=O)C,0.302751907991327,freesolv
CCCCOC(=O)c1ccc(cc1)O,-1.2560828165761966,freesolv
COCOC,0.2283995938260997,freesolv
N,-0.1202871208797936,freesolv
c1ccc2c(c1)C(=O)NC2=O,-1.4842675048763765,freesolv
COP(=O)(OC)OC,-1.250955070771698,freesolv
CCC(C)(C)C,1.6231464526496735,freesolv
Cc1cccc2c1cccc2,0.3540293660363113,freesolv
CC1=CC[C@H](C[C@@H]1O)C(=C)C,-0.1587452144135319,freesolv
C1[C@H]([C@@H]2[C@H]([C@H]1Cl)[C@]3(C(=C([C@@]2(C3(Cl)Cl)Cl)Cl)Cl)Cl)Cl,0.0976420758113898,freesolv
CC(C)(C)C(=O)OC,0.3642848576453082,freesolv
COC=O,0.2668576873598381,freesolv
c1ccc(cc1)c2ccccc2Cl,0.2899325434800809,freesolv
c1c(cc(c(c1Cl)Cl)Cl)c2cc(c(c(c2Cl)Cl)Cl)Cl,0.1668666441721185,freesolv
c1cc2c(cc1Cl)Oc3ccc(cc3O2)Cl,0.0386729990596578,freesolv
C[C@@H]1CC[C@H](CC1=O)C(=C)C,0.018162015841664,freesolv
c1cnccc1C=O,-0.8150966773893311,freesolv
CC=C,1.3180455772820168,freesolv
CCOc1ccccc1,0.4104345698857941,freesolv
CCC(=O)Nc1ccc(c(c1)Cl)Cl,-1.01507876376477,freesolv
CC(C)c1ccccc1,0.9026981671176436,freesolv
CC(C)(C)O,-0.1664368331202793,freesolv
c1c(c(=O)[nH]c(=O)[nH]1)F,-3.358458596420554,freesolv
CC(=O)C(C)(C)C,0.1822498815856138,freesolv
CCCCCCCCC(=O)C,0.3796680950588036,freesolv
CC(=C)c1ccccc1,0.6616941143062174,freesolv
c1cc(cnc1)Cl,-0.0484986796168154,freesolv
CC[C@H](C)O[N+](=O)[O-],0.5129894859757628,freesolv
CCCCC(=O)C,0.1386640422473772,freesolv
c1ccc(cc1)CO,-0.7176695071038609,freesolv
COC(OC)OC,-0.1536174686090334,freesolv
CCC[C@H](CC)O,-0.0613180441280615,freesolv
c1cc(cnc1)C=O,-0.8407354064118232,freesolv
Cc1ccc(cc1)C(=O)C,-0.2254059098720114,freesolv
COC(=O)C(F)(F)F,0.6975883349377063,freesolv
CC(OC)(OC)OC,-0.1536174686090334,freesolv
CCOP(=S)(OCC)SCSCC,-0.1407981040977872,freesolv
CC[C@H](C(C)C)O,-0.0151683318875756,freesolv
COS(=O)(=O)C,-0.2689917492102481,freesolv
CCCCCCCCCCO,0.0463646177664054,freesolv
COc1cc(c(c(c1O)OC)Cl)C=O,-1.01507876376477,freesolv
C(F)(F)Cl,0.8514207090726593,freesolv
CCSC,0.5950334188477376,freesolv
COP(=S)(OC)SCn1c(=O)c2ccccc2nn1,-1.5919501667708431,freesolv
C=CCl,0.8283458529524165,freesolv
COc1cccc(c1O)OC,-0.8048411857803343,freesolv
Cc1cccc(n1)C,-0.19720330794727,freesolv
Cc1cnccn1,-0.4330796149541978,freesolv
CCCCCCC=O,0.2950602892845794,freesolv
Cc1cccc(c1)[N+](=O)[O-],0.0950782029091405,freesolv
c1cc(c(c(c1)Cl)C#N)Cl,-0.2279697827742606,freesolv
CCCCC[N+](=O)[O-],0.2566021957508412,freesolv
CCCCCCCCC=O,0.4488926634195324,freesolv
C=C,1.3077900856730198,freesolv
Cc1ccc(cc1)C,0.7745045220051827,freesolv
Cc1ccc(c(c1)C)O,-0.5612732600666587,freesolv
C(=C\Cl)\Cl,0.6796412246219619,freesolv
Cc1ccc(c(c1)O)C,-0.5356345310441666,freesolv
CC1CCCC1,1.3872701456427456,freesolv
CC(C)(C)Br,1.1949796779740545,freesolv
CCCc1ccc(c(c1)OC)O,-0.3689827923979674,freesolv
CC(C)(C)Cl,1.2590765005302849,freesolv
CCOP(=O)(OCC)OCC,-0.943290322501792,freesolv
COc1ccccc1OC,-0.3869299027137121,freesolv
C([N+](=O)[O-])(Cl)(Cl)Cl,0.6078527833589839,freesolv
CC(=O)N1CCCC1,-1.532981090019112,freesolv
C1[C@@H]2[C@H](COS(=O)O1)[C@@]3(C(=C([C@]2(C3(Cl)Cl)Cl)Cl)Cl)Cl,-0.1049038834662983,freesolv
C=CCCl,0.8334735987569148,freesolv
CC(C)I,0.8616762006816562,freesolv
C(C(F)(F)F)Cl,0.9949975915986154,freesolv
C(CCl)OCCCl,-0.1049038834662983,freesolv
CCCCC(=O)OC,0.3232628912093208,freesolv
CC(C)COC(=O)C(C)C,0.5463198337050027,freesolv
C1(C(C(C1(F)F)(F)F)(F)F)(F)F,1.8590227596566016,freesolv
CCCCOC[C@H](C)O,-0.4894848188036808,freesolv
CCC[N@@](CC1CC1)c2c(cc(cc2[N+](=O)[O-])C(F)(F)F)[N+](=O)[O-],0.351465493134062,freesolv
CCCC(=O)OC,0.2540383228485919,freesolv
CCOC=O,0.3232628912093208,freesolv
c1ccc2c(c1)ccc3c2cccc3,-0.0151683318875756,freesolv
CCN,-0.174128451827027,freesolv
COC(=O)C1CCCCC1,0.1335362964428787,freesolv
Cc1c(nc(nc1OC(=O)N(C)C)N(C)C)C,-1.4329900468313923,freesolv
CCCCCO,-0.1920755621427716,freesolv
CCCCS,0.7257909368624478,freesolv
CC(C)C(C)C(C)C,1.6359658171609197,freesolv
c1ccnc(c1)Cl,-0.1459258499022856,freesolv
c1cc(cc(c1)C(F)(F)F)C(F)(F)F,1.2539487547257862,freesolv
CCCCCC(=O)C,0.2001969919013583,freesolv
c1cc(ccc1Br)Br,0.3899235866678005,freesolv
C(F)(F)(F)Br,1.4385476036877298,freesolv
CCCCC(=O)O,-0.599731353600397,freesolv
CCCOCCC,0.6822050975242111,freesolv
C(C(CO)O)O,-2.463666953535577,freesolv
CCCCCOC(=O)C,0.3360822557205669,freesolv
C1CCC(=O)C1,-0.2254059098720114,freesolv
CCCCCCCCC,1.782106572589125,freesolv
CCCN,-0.1459258499022856,freesolv
[C@@H](C(F)(F)F)(F)Br,1.1078079992975811,freesolv
CCCOC(=O)CC,0.3540293660363113,freesolv
COP(=S)(OC)Oc1ccc(cc1)[N+](=O)[O-],-0.8638102625320664,freesolv
C(CCl)CCl,0.4950423756600183,freesolv
CN(C)C(=O)Nc1ccccc1,-1.3612016055684144,freesolv
CCCCOCCCC,0.7668129032984352,freesolv
CN(C)C(=O)c1ccccc1,-1.4022235720044016,freesolv
COC,0.4899146298555198,freesolv
CC(C)CC(=O)O,-0.5817842432846524,freesolv
c1c(c(=O)[nH]c(=O)[nH]1)Br,-3.6789427092017055,freesolv
c1ccc2c(c1)Oc3c(cc(c(c3O2)Cl)Cl)Cl,-0.0587541712258123,freesolv
CC(C)CBr,0.9719227354783726,freesolv
c1ccc2c(c1)Oc3cccc(c3O2)Cl,0.077131092593396,freesolv
Cc1cccs1,0.6257998936747283,freesolv
C[C@@H]1CC[C@H](C(=O)C1)C(C)C,0.3309545099160685,freesolv
CC(C)C(C)C,1.5795606133114366,freesolv
CC(=O)OCC(COC(=O)C)OC(=O)C,-1.286849291403187,freesolv
C[C@@H]1CC[C@H]([C@@H](C1)O)C(C)C,0.1591750254653708,freesolv
CCc1cccc(c1)O,-0.6228062097206399,freesolv
CCCC(C)C,1.6231464526496735,freesolv
C(CO)O,-1.4047874449066509,freesolv
COc1ccccc1,0.351465493134062,freesolv
CC(C)OC(C)C,0.8437290903659117,freesolv
CCc1ccccn1,-0.1305426124887904,freesolv
c1ccc(c(c1)C=O)O,-0.2202781640675128,freesolv
c1cc(ccc1O)F,-0.6074229723071448,freesolv
CCCCCN,-0.0690096628348092,freesolv
CCNc1nc(nc(n1)SC)NC(C)(C)C,-0.7330527445173561,freesolv
CCOC(=O)c1ccc(cc1)O,-1.3791487158841589,freesolv
CC(=O)O,-0.7356166174196055,freesolv
CC(=O)NC,-1.5842585480640965,freesolv
COc1ccccc1N,-0.5894758619914002,freesolv
c1ccc(c(c1)O)Cl,-0.1869478163382731,freesolv
CCCC=C,1.4103450017629886,freesolv
C1CC[S+2](C1)([O-])[O-],-1.227880214651455,freesolv
c1ccc(cc1)S,0.3258267641115701,freesolv
CCSSCC,0.5591391982162487,freesolv
CC(C)Cl,0.9155175316288896,freesolv
CC(=O)c1ccncc1,-0.9740567973287826,freesolv
CC(C)CC(C)(C)C,1.7205736229351436,freesolv
CCOC,0.4412010447127847,freesolv
C(Cl)(Cl)(Cl)Cl,1.0001253374031138,freesolv
CCCN(CCC)c1c(cc(cc1[N+](=O)[O-])C(F)(F)F)[N+](=O)[O-],0.1463556609541249,freesolv
C1CCC(CC1)N,-0.19720330794727,freesolv
CN(C)C(=O)c1ccc(cc1)OC,-1.8432097111912664,freesolv
C[C@@H](c1cccc(c1)C(=O)c2ccccc2)C(=O)O,-1.7842406344395347,freesolv
C(CBr)Cl,0.4796591382465229,freesolv
NN,-1.4047874449066509,freesolv
C1[C@@H]2[C@H]3[C@@H]([C@H]1[C@H]4[C@@H]2O4)[C@@]5(C(=C([C@]3(C5(Cl)Cl)Cl)Cl)Cl)Cl,-0.256172384699002,freesolv
C1CCNCC1,-0.3305246988642293,freesolv
CCCCO[N+](=O)[O-],0.4437649176150339,freesolv
Cn1ccnc1,-1.1766027566064707,freesolv
CCOP(=S)(OCC)Oc1cc(nc(n1)C(C)C)C,-0.6817752864723721,freesolv
c1ccc(cc1)c2ccccc2,0.2873686705778318,freesolv
CC(C)(C)OC,0.4129984427880433,freesolv
CC(C)[N+](=O)[O-],0.1771221357811154,freesolv
c1cc(c(cc1O)Cl)Cl,-0.8894489915545585,freesolv
CC(C)COC=O,0.4104345698857941,freesolv
CCCO,-0.2638640034057495,freesolv
CC(C)C(=O)C,0.1489195338563739,freesolv
CCCCCBr,0.953975625162628,freesolv
CCCC[N@](CC)c1c(cc(cc1[N+](=O)[O-])C(F)(F)F)[N+](=O)[O-],0.0796949654956453,freesolv
CC(C)Cc1ccccc1,1.0206363206211078,freesolv
CCOCCOC(=O)C,-0.3818021569092134,freesolv
CC=C(C)C,1.3154817043797673,freesolv
C1COCCN1,-0.8586825167275678,freesolv
c1cc(c(c(c1)Cl)c2c(cccc2Cl)Cl)Cl,0.3950513324722988,freesolv
