smiles,target
C1CCCCCC1,-0.2423518640961206
O=C1NC(=O)NC(=O)C1(CC=C)CC=C,0.4368508859841427
Clc1ccc(cc1)c2cccc(Cl)c2Cl ,-1.5599957197996326
CC(=O)OCC(=O)C3(O)C(CC4C2CCC1=CC(=O)C=CC1(C)C2(F)C(O)CC34C)OC(C)=O ,-0.5362148822746018
CCCCN(CC)C(=O)SCCC,-0.2518313162954265
CCOC2Oc1ccc(OS(C)(=O)=O)cc1C2(C)C,-0.1996943291992444
CCCCCCc1ccccc1,-1.048105301037117
C1N(C(=O)NCC(C)C)C(=O)NC1,0.4022508854566765
CC34CCc1c(ccc2cc(O)ccc12)C3CCC4=O,-1.062324479336076
O=N(=O)c1c(Cl)c(Cl)ccc1,-0.2281326857971619
NC(=O)N,1.8763057024487344
C(Cc1ccccc1)c2ccccc2,-0.768461461157595
Cc1ccccc1C,0.0941686889792366
Cc1cc(C)c(O)c(C)c1,0.4496481464532057
Cc1occc1C(=O)Nc2ccccc2,-0.1428176160034093
CC(C)C=C,0.127346771676807
OCc1ccccc1,1.2317029528959376
CCCC(C)(COC(N)=O)COC(N)=O ,0.5648234906747716
ClC4=C(Cl)C5(Cl)C3C1CC(C2OC12)C3C4(Cl)C5(Cl)Cl,-1.5599957197996326
CCBr,0.904661852019886
Cc1ccc(O)cc1,1.075291991607391
COP(=S)(OC)Oc1cc(Cl)c(Cl)cc1Cl,-1.289831332119416
CCOC(=O)c1ccc(N)cc1,0.1813796492128502
CC=CC=O,1.5729632320709477
Cc2cccc3sc1nncn1c23 ,0.4401686942538999
CC(C)N(C(=O)CCl)c1ccccc1 ,0.24583992416813
Oc1cccc(Cl)c1Cl,0.8051276039271746
FC(F)(Cl)C(F)(F)Cl,0.122607045577154
Nc1ccccc1N(=O)=O,0.4923056813500819
Clc1cccc(Cl)c1c2c(Cl)cccc2Cl ,-2.081365590761454
CNC(=O)C=C(C)OP(=O)(OC)OC,1.7298481659694591
OC(C(=O)c1ccccc1)c2ccccc2,0.0704700584809719
CCNc1nc(Cl)nc(NC(C)(C)C#N)n1,-0.0717217245086155
Fc1ccccc1Br,0.1415659499757657
Cc1c(cc(cc1N(=O)=O)N(=O)=O)N(=O)=O,-0.1048998072061861
CCOc1ccccc1,0.3169358156629238
CCCC(O)CCC,0.7577303429306455
CNC(=O)C(C)SCCSP(=O)(OC)(OC),1.963516662682348
CC(=O)Nc1ccc(Br)cc1,-0.0399655596409411
c1(C#N)c(Cl)c(C#N)c(Cl)c(Cl)c(Cl)1,-1.2519135233221923
BrC(Br)(Br)Br,-0.0669819984089627
CCCCC(C)CC,-1.0244066705388526
ClC1CC2C(C1Cl)C3(Cl)C(=C(Cl)C2(Cl)C3(Cl)Cl)Cl,-1.8301601074798493
CCOP(=S)(OCC)SCSC(C)(C)C,-0.8324477635029093
CCCCC(=O)C,1.0421139089098206
CC(C)OC(=O)Nc1cccc(Cl)c1,-0.1807354248006327
CC1OC(CC(O)C1O)OC2C(O)CC(OC2C)OC8C(O)CC(OC7CCC3(C)C(CCC4C3CCC5(C)C(CCC45O)C6=CC(=O)OC6)C7)OC8C ,-1.087445027664236
CC1CC(C)C(=O)C(C1)C(O)CC2CC(=O)NC(=O)C2 ,0.8857029476212743
O=Cc2ccc1OCOc1c2 ,0.6487166426386283
Cc1ccccc1n3c(C)nc2ccccc2c3=O,0.0349221127335751
Oc1ccccc1N(=O)=O,0.5965796555424462
c1ccccc1SC,0.2884974590650063
CC(C)C(C(=O)OC(C#N)c1cccc(Oc2ccccc2)c1)c3ccc(OC(F)F)cc3,-1.8377436692392937
Oc1cc(Cl)ccc1Oc2ccc(Cl)cc2Cl,-0.6926258435631482
CCC(C)C(C)C,-0.6073107737693957
O=C1N(COC(=O)CCCCC)C(=O)C(N1)(c2ccccc2)c3ccccc3,-1.368510785373655
OCCOc1ccccc1,1.08951116990635
C1c2ccccc2c3cc4ccccc4cc13,-2.389447787238893
COc2cc1c(N)nc(nc1c(OC)c2OC)N3CCN(CC3)C(=O)OCC(C)(C)O ,-0.3030203581716781
CN(C)C(=O)Nc1ccccc1,0.662935820937587
Nc1ccc(cc1)S(N)(=O)=O,0.7861686995285629
CCN(CC)C(=S)SCC(Cl)=C,-0.1854751509002857
CCCCCCCCCCO,-0.2992285772919557
CCCCCCCCC(=O)OC,-0.1807354248006327
CCC(Br)(CC)C(=O)NC(N)=O,0.1510454021750715
COP(=S)(OC)SCC(=O)N(C(C)C)c1ccc(Cl)cc1,-0.6793546104841202
Clc1ccc(Cl)c(c1)c2cccc(Cl)c2Cl ,-1.645310789593385
CCCOC=O,1.1890454179990613
CC5(C)OC4CC3C2CCC1=CC(=O)C=CC1(C)C2(F)C(O)CC3(C)C4(O5)C(=O)CO ,-0.6215299520683542
CCC(=O)OC3CCC4C2CCC1=CC(=O)CCC1(C)C2CCC34C ,-1.123940918631564
CON(C)C(=O)Nc1ccc(Cl)c(Cl)c1,-0.2812176181132747
Cc3cc2nc1c(=O)[nH]c(=O)nc1n(CC(O)C(O)C(O)CO)c2cc3C,-0.3252970708400469
c2ccc1[nH]ccc1c2,0.7008536297348104
Clc1ccc(c(Cl)c1Cl)c2c(Cl)cc(Cl)c(Cl)c2Cl ,-2.2093381954520823
Oc1cc(Cl)cc(Cl)c1,0.7861686995285629
CC#N,1.5445248754730303
Clc1ccc(c(Cl)c1)c2c(Cl)ccc(Cl)c2Cl ,-2.100324495160065
Cc1ccc(cc1)c2ccccc2,-0.768461461157595
Clc1ccc(cc1)c2c(Cl)cccc2Cl ,-1.4888998283048387
CCC(=O)CC,1.2885796660917723
CCOP(=S)(OCC)N2C(=O)c1ccccc1C2=O,-0.166516246501674
CC34CCC1C(CCc2cc(O)ccc12)C3CCC4(O)C#C ,-0.6167902259687014
NC(=O)CCl ,1.4118125446827483
Nc1ccccc1,1.2269632267962844
CCCC(=O)OC,0.5112645857486936
CC34CCC1C(CCC2CC(O)CCC12C)C3CCC4=O,-0.5504340605735606
Nc1nccs1 ,1.2506618572945492
CC(C)(C)c1ccccc1,-0.3134477555909146
O=N(=O)c1cc(Cl)c(Cl)cc1,-0.0954203550068803
O2c1ccccc1N(CC)C(=O)c3ccccc23 ,-0.3229272077902205
BrC(Br)Br,0.5160043118483465
CN(C)C(=O)Nc1cccc(c1)C(F)(F)F,-0.2044340552988974
Sc2nc1ccccc1s2 ,-0.0859409028075744
CC12CCC(CC1)C(C)(C)O2,0.5965796555424462
Cc1ccc2cc3ccccc3cc2c1,-1.8775573684763784
CCN(Cc1c(F)cccc1Cl)c2c(cc(cc2N(=O)=O)C(F)(F)F)N(=O)=O,-1.792242298682626
CCC(C)(C)CC,-0.5836121432711312
Brc1ccccc1Br,-0.2376121379964678
FC(F)(F)c1cccc(c1)N2CC(CCl)C(Cl)C2=O,-0.4968751556474824
Clc1cccc(Cl)c1,-0.0195847374124335
COc1ccccc1,0.544442668446264
Clc1ccc(CN(C2CCCC2)C(=O)Nc3ccccc3)cc1,-1.3822559910626482
O=Cc1ccccc1,0.8572645910233568
Nc1ncnc2nc[nH]c12 ,0.4164700637556351
CSc1nnc(c(=O)n1N)C(C)(C)C,0.3534317066302512
Cn2cc(c1ccccc1)c(=O)c(c2)c3cccc(c3)C(F)(F)F,-0.6855162544136689
CCCCCC=O,0.8051276039271746
CCNc1nc(Cl)nc(NC(C)C)n1,-0.40350255148432
CCCCCCC#C,-0.3134477555909146
CCS,1.136908430902879
CCC(C(CC)c1ccc(O)cc1)c2ccc(O)cc2,-0.6784066652641892
CN(C)C(=O)OC1=CC(=O)CC(C)(C)C1 ,1.018415278411556
CN(C)C(=O)Nc1ccc(c(Cl)c1)n2nc(oc2=O)C(C)(C)C,-0.6300614590477298
Fc1ccc(F)cc1,0.487565955250429
COC(=O)C,1.639319397466089
CCCCCCC(=O)C,0.4496481464532057
Cc1ccccc1Br,0.3643330766594531
CC(C)C(C)O,1.3359769270883015
Clc2ccc(Oc1ccc(cc1)N(=O)=O)c(Cl)c2,-1.1665984535284402
Oc1ccc(O)cc1,1.3407166531879546
ClC(Br)Br,0.5207440379479995
CC1=C(C(=O)Nc2ccccc2)S(=O)(=O)CCO1,0.3401604735512231
CCOP(=S)(OCC)SCCSCC,-0.5836121432711312
CC(OC(=O)Nc1cccc(Cl)c1)C#C,0.180905676602885
CC(C)C1CCC(C)CC1=O,0.307456363463618
CN(C)C(=O)Nc1ccc(Cl)cc1,0.0515111540823602
CC(C)CCO,1.1795659657997553
CN(C)C(=O)C(c1ccccc1)c2ccccc2 ,0.008853619185484
Oc1ccc(Cl)c(Cl)c1,0.8288262344254392
CC(C)C(O)C(C)C,0.843045412724398
O=C1N(C2CCC(=O)NC2=O)C(=O)c3ccccc13,0.1529412926149327
c1ccc(cc1)c2ccc(cc2)c3ccccc3,-1.9486532599711723
C1CCC2CCCCC2C1,-1.0386258488378115
CCCBr,0.6013193816420991
O=C1NC(=O)NC(=O)C1(C)CC,0.8392536318446757
CCCCCO,1.136908430902879
O=C1NC(=O)NC(=O)C1(CC)CCC(C)C,0.1614727995943081
O=C1N(COC(=O)CCCCCCC)C(=O)C(N1)(c2ccccc2)c3ccccc3,-1.6704313379215454
CCCCC(C)(C)O,0.9094015781195388
C#C,1.558744053771989
Fc1cccc(F)c1C(=O)NC(=O)Nc2cc(Cl)c(F)c(Cl)c2F ,-2.029228603665272
c1ccccc1n2ncc(N)c(Br)c2(=O),-0.0608203544794138
CCOP(=S)(OCC)Oc2ccc1oc(=O)c(Cl)c(C)c1c2,-1.1296285899511478
O=C1NC(=O)NC(=O)C1(C)CC=C,0.8714837693223155
CCO,1.942661867843876
OCC(NC(=O)C(Cl)Cl)C(O)c1ccc(cc1)N(=O)=O,0.4207358172453227
Clc1cc(Cl)c(c(Cl)c1)c2c(Cl)cccc2Cl,-2.0481875080638834
O=N(=O)c1ccccc1N(=O)=O,-0.048023094010351
ClC(Cl)C(c1ccc(Cl)cc1)c2ccccc2Cl ,-1.6642696939919968
CC(C)CCCO,0.8809632215216214
CCCCC=O,1.018415278411556
CCOP(=S)(OCC)Oc1nc(Cl)c(Cl)cc1Cl ,-1.2661327016211514
Clc1cc(Cl)c(Cl)c(Cl)c1,-0.7732011872572477
CNC(=O)Oc1ccccc1C2OCCO2,0.6771549992365458
CC(Cl)(Cl)Cl,0.4733467769514702
CCCCCC,-0.398762825384667
c1ccc2c(c1)c3cccc4cccc2c34,-1.422543662909698
CCCCCCCCCC(C)O,0.0278125235840957
NS(=O)(=O)c2cc1c(NC(NS1(=O)=O)C(Cl)Cl)cc2Cl ,0.1510454021750715
N(=Nc1ccccc1)c2ccccc2,-0.6878861174634954
Cc1ccccc1O,1.1274289787035732
Oc2cc(O)c1C(=O)CC(Oc1c2)c3ccc(O)c(O)c3,-0.2944888511923029
CC(=O)Nc1ccc(cc1)N(=O)=O,0.145357730855488
O=C2NC(=O)C1(CCCC1)C(=O)N2,0.3079303360735832
CCCCCCCCO,0.2884974590650063
CNC(=O)Oc1ccc(N(C)C)c(C)c1,0.3027166373639651
CC1(C)C2CCC1(C)C(O)C2,0.3216755417625768
OCCCC=C,1.3501961053872604
c1cc2ccc3ccc4ccc5ccc6ccc1c7c2c3c4c5c67,-3.001820399314051
CC(C)CBr,0.2695385546663946
Cc1ccc(N)cc1,0.8477851388240509
ClC1=C(Cl)C(Cl)(C(=C1Cl)Cl)C2(Cl)C(=C(Cl)C(=C2Cl)Cl)Cl,-2.028280658445341
N(c1ccccc1)c2ccccc2,-0.239508028436329
Clc2ccc1oc(=O)[nH]c1c2,0.0794755380703123
ClCC(Cl)Cl,0.719812534133422
CCOCC,1.378634461985178
C1c2ccccc2c3ccccc13,-0.948571052944406
c1ccccc1NC(=O)c2c(O)cccc2,-0.280269672893344
c2ccc1nc(ccc1c2)c4ccc3ccccc3n4 ,-1.1381600969305228
c1ccc2c(c1)ccc3ccccc32,-1.0718039315353818
Nc1ccc(cc1)S(=O)(=O)c2ccc(N)cc2,-0.0451792583505592
CC(C)=CCCC(O)(C)C=C,0.4780865030511231
C/C1CCC(\C)CC1,-0.6973655696628009
CC1CCCCC1NC(=O)Nc2ccccc2,-0.5267354300752961
CN(C)C(=O)Oc1cc(C)nn1c2ccccc2,0.430689242054594
c1(Br)c(Br)cc(Br)cc1,-0.7115847479617599
CCNc1ccccc1,0.6155385599410579
CC1(C)C(C=C(Cl)C(F)(F)F)C1C(=O)OC(C#N)c2cccc(Oc3ccccc3)c2,-2.453908062194173
CCOP(=S)(OCC)Oc1cc(C)nc(n1)C(C)C,-0.3039683033916088
CCOC(=O)c1ccc(O)cc1,0.307456363463618
CC1OC(CC(O)C1O)OC2C(O)CC(OC2C)OC8C(O)CC(OC7CCC3(C)C(CCC4C3CC(O)C5(C)C(CCC45O)C6=CC(=O)OC6)C7)OC8C ,-0.5129902243863027
CCN(=O)=O,1.31701802268969
CC(C)c1ccccc1,-0.1285984377044506
CCC(C)C,-0.0859409028075744
N#Cc1ccccc1,0.9473193869167622
C/C1CCCCC1\C,-0.6167902259687014
CCCC(=O)OCC,0.776689247329257
Clc1cccc(c1)c2cc(Cl)ccc2Cl ,-1.4272833890093508
CCCCCCCCC,-1.3656669497138627
CCc1ccc(CC)cc1,-0.3561052904877908
CC/C=C\C,0.2174015675702125
c1ccccc1(OC(=O)NC),0.5667193811146328
CC(C)COC(=O)C,0.8477851388240509
Cc1ccc(C)cc1,0.1083878672781953
Cc1cc(C)cc(O)c1,0.7577303429306455
CCCCSP(=O)(SCCCC)SCCCC,-1.0149272183395466
CCCCC#C,0.3027166373639651
c2ccc1[nH]ncc1c2 ,0.3975111593570234
CCNc1nc(NC(C)C)nc(OC)n1,0.4335330777143856
c2cnc1ncncc1n2,1.43077144908136
ClC(Cl)C(Cl)(Cl)Cl,0.1889632109722949
CCCC(C)(O)CC,0.956798839116068
CCCC(C)(C)C,-0.6452285825666191
OC(CC(c1ccccc1)c3c(O)c2ccccc2oc3=O)c4ccc(cc4)c5ccc(Br)cc5 ,-0.6855162544136689
CC12CCC(CC1)C(C)(C)O2 ,0.6439769165389754
CC1=C(CCCO1)C(=O)Nc2ccccc2 ,0.2079221153709066
COc1ccc(cc1)C(c2ccc(OC)cc2)C(Cl)(Cl)Cl,-1.844379285778808
O=C2NC(=O)C1(CCCCC1)C(=O)N2,-0.0290641896117393
CCCCCCCCCC(=O)OCC,-0.5219957039756429
CC1(O)CCC2C3CCC4=CC(=O)CCC4(C)C3CCC21C,-0.4741244703691486
C1CCCC1,0.1700043065736832
OC(Cn1cncn1)(Cn2cncn2)c3ccc(F)cc3F ,0.5681412989445286
COC1=CC(=O)CC(C)C13Oc2c(Cl)c(OC)cc(OC)c2C3=O,-0.1172230950652838
CCCCCCCCCO,-0.0053655591134746
CCCN(CCC)c1c(cc(cc1N(=O)=O)S(N)(=O)=O)N(=O)=O,-1.0244066705388526
CCCCC(O)CC,0.724552260233075
Oc1ccc(C=O)cc1,0.966278291315374
c1ccc(cc1)c2ccccc2,-0.6381189934171395
CCCC(C)(C)CO,0.7008536297348104
CCC(C)CO,1.1985248701983668
CN(C)c1ccccc1,0.5112645857486936
CCCCCC(O)CC,0.482826229150776
Oc1c(Cl)cccc1Cl,0.5728810250441815
Cc1cc2ccccc2cc1C,-0.815858722154124
CN2C(=O)CN=C(c1ccccc1)c3cc(Cl)ccc23,-0.358001180927652
CCCCCCCCCCCCCCCCO,-1.8965162728749896
CCCCCCC(C)O,0.430689242054594
CCCCI,0.0183330713847898
c2ccc1NCCc1c2 ,0.9283604825181504
O=C1N(COC(=O)C)C(=O)C(N1)(c2ccccc2)c3ccccc3,-0.6973655696628009
CCCCCCO,0.8335659605250921
CCN2c1cc(OC)cc(C)c1NC(=O)c3cccnc23 ,-1.0210888622690957
Nc1cccc(c1)N(=O)=O,0.3832919810580648
CC(C)Nc1nc(Cl)nc(NC(C)C)n1,-0.6784066652641892
Oc1c(Cl)cc(Cl)cc1Cl,0.312196089563271
COc2cnc1cncnc1n2,0.9899769218136384
COCC(=O)N(C(C)C(=O)OC)c1c(C)cccc1C ,0.6624618483276218
O=N(=O)c1cc(cc(c1)N(=O)=O)N(=O)=O,0.0515111540823602
c1ccc2cc3cc4ccccc4cc3cc2c1,-2.654872448819457
C,0.9947166479132916
COP(=S)(OC)Oc1ccc(N(=O)=O)c(C)c1,-0.4935573473777255
Cn2c(=O)n(C)c1ncn(CC(O)CO)c1c2=O,1.3407166531879546
Cc1cccc2c1Cc3ccccc32,-1.05284502713677
Cc1ccc2ccccc2c1,-0.3655847426870967
CS(=O)(=O)c1ccc(cc1)C(O)C(CO)NC(=O)C(Cl)Cl ,0.4003549950168152
c1cncnc1,1.942661867843876
OC(c1ccc(Cl)cc1)(c2cncnc2)c3ccccc3Cl,-0.6547080347659248
OCC1OC(O)C(O)C(O)C1O,1.7720317282563702
Nc1nc(=O)[nH]cc1F,0.9605906199957904
C1CCc2ccccc2C1,-0.649968308666272
COc1ccc(cc1)N(=O)=O,0.2790180068657004
O=C1N(COC(=O)CCCCCC)C(=O)C(N1)(c2ccccc2)c3ccccc3,-1.5652094185092509
Fc1cccc(Br)c1,0.1557851282747246
CCCCCC(C)(C)O,0.606059107741752
CCC(O)CC,1.3075385704903844
CCC(O)(CC)CC,1.018415278411556
COc1ccccc1O,0.4923056813500819
COc1ccccc1Cl,0.2553193763674359
CCCCC(C)O,0.9994563740129444
CC(C)CO,1.4686892578785835
CCc1ccccc1CC,-0.1333381638041035
Cc2cnc1cncnc1n2,1.016519387971695
ClC(=C)Cl,0.6439769165389754
Oc1c(Cl)c(Cl)c(Cl)c(Cl)c1Cl,-0.6073107737693957
Cc1cc(=O)[nH]c(=S)[nH]1,0.2666947190066029
CCOC=O,1.492387888376848
CCCN(=O)=O,1.0421139089098206
COC(=O)c1ccccc1C(=O)OC,0.6344974643396696
CCOC(=O)CC,1.1084700743049614
CCC(C)(O)CC,1.2506618572945492
C=C,1.2317029528959376
CCNP(=S)(OC)OC(=CC(=O)OC(C)C)C,-0.1940066578796609
CCCCCCCBr,-0.6784066652641892
Oc1c(Cl)cc(Cl)c(Cl)c1Cl,-0.048023094010351
CCCCCCCC,-1.062324479336076
O(c1ccccc1)c2ccccc2,-0.4556395385805021
Cc1c2ccccc2c(C)c3ccc4ccccc4c13,-1.9059957250742956
CCCCCOC(=O)CC,0.8146070561264804
CCCCCC(=O)C,0.7340317124323809
CCNc1nc(Cl)nc(n1)N(CC)CC,-0.5030367995770312
c1ccc2c(c1)c3cccc4c3c2cc5ccccc54,-2.479502583132299
Clc1c(Cl)c(Cl)c(c(Cl)c1Cl)c2c(Cl)c(Cl)c(Cl)c(Cl)c2Cl ,-4.0767902787153325
CCOC(=O)Nc2cccc(OC(=O)Nc1ccccc1)c2 ,-0.7741491324771782
Nc1cc[nH]c(=O)n1 ,0.873853632372142
O=C1NC(=O)NC(=O)C1(C(C)C)CC=C(C)C,0.192281019242052
CC12CC(O)C3C(CCC4=CC(=O)C=CC34C)C2CCC1(O)C(=O)CO,-0.0859409028075744
CCC1(CCC(=O)NC1=O)c2ccccc2 ,0.3136180073931667
CC(=O)C(C)(C)C,1.080031717707044
CCCC1COC(Cn2cncn2)(O1)c3ccc(Cl)cc3Cl,-0.2342943297267109
c2ccc1ocnc1c2,0.8714837693223155
C/C=C/C=O,1.5729632320709477
Cc1ccncc1C,1.5919221364695593
CC#C,1.2269632267962844
C1CCC=CCC1,-0.0859409028075744
CC1(C)C(C=C(Br)Br)C1C(=O)OC(C#N)c2cccc(Oc3ccccc3)c2,-2.5610258720463297
CCC(=O)C,1.667757754064006
CCCc1ccccc1,-0.1759956987009799
CC(=O)OC3(CCC4C2C=C(C)C1=CC(=O)CCC1(C)C2CCC34C)C(C)=O ,-1.114461466432258
CC(=O)OCC(=O)C3CCC4C2CCC1=CC(=O)CCC1(C)C2CCC34C ,-0.7732011872572477
CCCI,0.3358947200615355
CCCCOCCO,1.2222235006966315
CCCCOCN(C(=O)CCl)c1c(CC)cccc1CC ,-0.5646532388725195
CCCCCC#C,-0.0053655591134746
CC1(C)C(C=C(Cl)Cl)C1C(=O)OC(C#N)c2cccc(Oc3ccccc3)c2,-2.378546417209692
CC(C)=CCCC(C)=CC(=O),0.4449084203535526
CC13CCC(=O)C=C1CCC4C2CCC(C(=O)CO)C2(CC(O)C34)C=O ,-0.40350255148432
COC(C)(C)C,1.3075385704903844
CCSSCC,0.2742782807660476
O=C1N(COC(=O)CCC)C(=O)C(N1)(c2ccccc2)c3ccccc3,-0.982223108251942
COC(=O)c1ccccc1,0.544442668446264
O=C1NC(=O)NC(=O)C1(CC)C(C)CC,0.2884974590650063
COP(=O)(OC)OC(=CCl)c1cc(Cl)c(Cl)cc1Cl,-0.7220121453809965
CCC(C)CC,-0.3229272077902205
CCC(C)O,1.6440591235657416
CCN2c1cc(Cl)ccc1NC(=O)c3cccnc23 ,-1.1192011925319112
c1ccsc1,0.7909084256282158
Cc1c[nH]c(=O)[nH]c1=O ,0.7074892462743245
CCCN(CCC)c1c(cc(cc1N(=O)=O)C(F)(F)F)N(=O)=O,-1.2708724277208043
CC(C)Cc1ccccc1,-0.5314751561749489
Nc1ccccc1O,1.080031717707044
Cc1ccc(cc1)N(=O)=O,0.241100198068477
O=C1NC(=O)NC(=O)C1(CC)c1ccccc1,0.3207275965426461
O=C2NC(=O)C1(CCCCCCC1)C(=O)N2,0.0079056739655533
Cc1cccc(C)c1NC(=O)c2cc(c(Cl)cc2O)S(N)(=O)=O,-0.3750641948864025
OCC2OC(Oc1ccccc1CO)C(O)C(O)C2O,1.018415278411556
CCCCCOC(=O)C,0.5254837640476524
c2c(C)cc1nc(C)ccc1c2 ,0.5017851335493878
CCCCCCC=C,-0.6831463913638425
OCC(O)C(O)CO,1.7530728238577586
Clc1ccc(c(Cl)c1Cl)c2ccc(Cl)c(Cl)c2Cl ,-2.3752286089399344
CCCC(C)O,1.2838399399921196
c2ccc1[nH]nnc1c2,1.0515933611091266
c1ccoc1,1.0326344567105148
CC2Cc1ccccc1N2NC(=O)c3ccc(Cl)c(c3)S(N)(=O)=O ,-0.2783737824534831
CCNC(=S)NCC,0.729291986332728
Fc1cccc(F)c1,0.4733467769514702
CSc1nc(NC(C)C)nc(NC(C)C)n1,-0.5219957039756429
c1cc(O)c(O)c2OCC3(O)CC4=CC(=O)C(O)=CC4=C3c21,0.1415659499757657
Clc1ccc(cc1)N(=O)=O,0.0372919757834015
COc1ccc(C=CC)cc1,-0.0622422723093097
CCC(=C(CC)c1ccc(O)cc1)c2ccc(O)cc2 ,-0.5077765256766844
CCOP(=S)(CC)Oc1cc(Cl)c(Cl)cc1Cl,-1.304998455638306
CCC1(C(=O)NCNC1=O)c2ccccc2,0.1700043065736832
CCC1(CC)C(=O)NC(=O)N(C)C1=O ,0.3643330766594531
CCOC=C,1.018415278411556
COc1cc(CC=C)ccc1O,0.6818947253361987
CCC(C)C(=O)C,1.103730348205309
CCCCC(CC)C=O,0.4117303376559823
ClC1(C2(Cl)C3(Cl)C4(Cl)C5(Cl)C1(Cl)C3(Cl)Cl)C5(Cl)C(Cl)(Cl)C24Cl,-1.8017217508819316
COC(=O)c1cc(O)c(O)c(O)c1 ,0.8335659605250921
ON=Cc1ccc(o1)N(=O)=O ,0.3832919810580648
CCSC(=O)N(CC)C1CCCCC1 ,-0.1902148769999385
Cc1cccc(c1)N(=O)=O,0.2647988285667417
CCCCCCCCCCCCCCCC,-2.560077926826399
Cc1cc(C)c2ccccc2c1,-0.6120504998690486
c1ccc2ncccc2c1,0.8051276039271746
CC(Cl)CCl,0.662935820937587
ClC(Cl)C(Cl)(Cl)SN2C(=O)C1CC=CCC1C2=O ,-1.1381600969305228
CCOC(C)OCC,1.2174837745969789
CC12CC2(C)C(=O)N(C1=O)c3cc(Cl)cc(Cl)c3,-0.8537765309513474
Cn1cnc2n(C)c(=O)[nH]c(=O)c12 ,0.2254591019396224
Cc2ncc1nccnc1n2,1.3644152836862191
c1c(NC(=O)OC(C)C(=O)NCC)cccc1,0.5539221206455698
CCCCC(=O)OC3(C(C)CC4C2CCC1=CC(=O)C=CC1(C)C2(F)C(O)CC34C)C(=O)CO,-0.8111189960544711
CN(C=Nc1ccc(C)cc1C)C=Nc2ccc(C)cc2C,-1.171338179628093
CC34CCC1C(=CCc2cc(O)ccc12)C3CCC4=O,-1.0822313289546182
CC3C2CCC1(C)C=CC(=O)C(=C1C2OC3=O)C,-0.043283367910698
CCC1(C(=O)NC(=O)NC1=O)C2=CCC3CCC2C3,0.1434618404156268
ClCCBr,0.7956481517278687
O=C1CNC(=O)N1 ,1.2317029528959376
ICI,0.312196089563271
CCC#CCC,0.4780865030511231
Cc1c(C)c2c3ccccc3ccc2c4ccccc14,-1.9012559989746425
Clc1ccc(I)cc1,-0.4888176212780727
Brc1cccc2ccccc12,-0.6404888564669659
CC(C)CC(C)C,-0.5978313215700897
CCOP(=S)(OCC)SCSCC,-0.5267354300752961
CC(O)c1ccccc1,0.9852371957139856
OCC1OC(OC2C(O)C(O)C(O)OC2CO)C(O)C(O)C1O,1.305642680050523
Cc1ccc2c(ccc3ccccc32)c1,-1.3467080453152511
CCCCCCCCCCCCCCCCCCCC,-2.4520121717543124
CCCCCCC(=O)OCC,0.122607045577154
CNC(=O)ON=C(CSC)C(C)(C)C ,0.6534563687382812
Oc1cc(Cl)c(Cl)cc1Cl,0.3738125288587589
Oc1ccc(Cl)cc1Cl,0.6866344514358516
N#Cc1ccccc1C#N,0.2932371851646593
c1ccc2ccccc2c1,-0.2850093989929971
CCC=C,0.5017851335493878
CCN2c1nc(Cl)ccc1N(C)C(=O)c3cccnc23 ,-0.528631320515157
Brc1ccc2ccccc2c1,-0.6641874869652308
Oc1cccc(O)c1,1.805209810953941
Nc1ncnc2n(ccc12)C3OC(CO)C(O)C3O ,0.4970454074497348
COc1c(O)c(Cl)c(Cl)c(Cl)c1Cl ,-0.4840778951784195
CCNc1nc(NC(C)(C)C)nc(SC)n1,-0.4745984429791138
CCC(=C)C,0.127346771676807
CCCC(=C)C,-0.0148450113127804
ClC2=C(Cl)C3(Cl)C1C=CCC1C2(Cl)C3(Cl)Cl ,-1.2519135233221923
CC(C)C(Nc1ccc(cc1Cl)C(F)(F)F)C(=O)OC(C#N)c2cccc(Oc3ccccc3)c2,-2.371910800670178
CCCCCCCCCCCCCCO,-1.3467080453152511
CC(C)Cl,0.7529906168309926
CCCOP(=S)(OCCC)SCC(=O)N1CCCCC1C,-0.5456943344739078
COP(=O)(OC)OC(Br)C(Cl)(Cl)Br,0.3406344461611885
Nc2nc1[nH]cnc1c(=O)[nH]2 ,-0.2769518646235872
Clc1ccc(c(Cl)c1)c2cc(Cl)c(Cl)c(Cl)c2Cl ,-2.081365590761454
CCCCCCCCl,-0.4745984429791138
CC1CO1,1.141648157002532
O=C1NC(=O)NC(=O)C1(CC)CC,0.2837577329653534
Cn2c(=O)on(c1ccc(Cl)c(Cl)c1)c2=O,0.0846892367799308
CCOP(=S)(OCC)SCSc1ccc(Cl)cc1,-1.2974148938788612
CCOP(=S)(OCC)SC(CCl)N1C(=O)c2ccccc2C1=O,-1.583694350297897
CC(=O)Nc1nnc(s1)S(N)(=O)=O ,0.3027166373639651
CC(C)O,1.62510021916713
CCCC(C)C,-0.351365564388138
CC2Nc1cc(Cl)c(cc1C(=O)N2c3ccccc3C)S(N)(=O)=O ,-0.3703244687867495
O=c1[nH]cnc2[nH]ncc12 ,0.3472700627007025
CCOP(=S)(NC(C)C)Oc1ccccc1C(=O)OC(C)C,-0.5665491293123804
CCCC(=O)CC,1.027894730610862
CCCCCCCCCCCCCCCCCCCCCCCCCC,-2.528795734568689
CCOC(=O)C=Cc1ccccc1,-0.0006258330138218
CC(C)C,0.2126618414705597
CCCCC(=O)OC,0.7861686995285629
CC34CCC1C(CCC2CC(=O)CCC12C)C3CCC4O ,-0.826760092183326
CCN(CC)C(=O)CSc1ccc(Cl)nn1,0.6079549981816131
Cc1c(cccc1N(=O)=O)N(=O)=O,-0.0006258330138218
CCCCC1C(=O)N(N(C1=O)c2ccc(O)cc2)c3ccccc3 ,-0.346625838288485
C=CC#N,1.492387888376848
CCOc1ccc(NC(N)=O)cc1,0.3927714332573706
ClC(Cl)(Cl)C(Cl)(Cl)Cl,-0.3181874816905674
CC1(C)CON(Cc2ccccc2Cl)C1=O,0.3131440347832014
Cc1ccc(O)cc1C,0.7672097951299514
COc5cc4OCC3Oc2c1CC(Oc1ccc2C(=O)C3c4cc5OC)C(C)=C ,-0.6736669391645365
Clc1cccc(c1Cl)c2c(Cl)c(Cl)cc(Cl)c2Cl ,-2.654872448819457
O=C2CN(N=Cc1ccc(o1)N(=O)=O)C(=O)N2 ,-0.1807354248006327
O=C1CCCCC1,1.136908430902879
CCOP(=O)(OCC)OCC,1.62510021916713
CN(C)C(=S)SSC(=S)N(C)C ,-0.4272011819825846
CN(C)C(=O)SCCCCOc1ccccc1,-0.4399984424516475
O=C(c1ccccc1)c2ccccc2,-0.0575025462096569
CN(C)C(=O)C,1.9474015939435283
Cc1cccc(C)n1,1.6345796713664358
CC(C)N(C(C)C)C(=O)SCC(=CCl)Cl,-0.6101546094291876
O=C1N(COC(=O)CC)C(=O)C(N1)(c2ccccc2)c3ccccc3,-0.9044916002176338
O=C1NC(=O)NC(=O)C1(CC=C)c1ccccc1,0.2984508838742774
CON(C)C(=O)Nc1ccc(Br)c(Cl)c1,-0.4385765246217516
CCCC(C)C1(CC)C(=O)NC(=S)NC1=O ,-0.1712559726013268
OCC1OC(C(O)C1O)n2cnc3c(O)ncnc23,0.8383056866247451
C=CCS(=O)SCC=C,1.027894730610862
ClC=C,0.5918399294427932
Clc1cccc(n1)C(Cl)(Cl)Cl,-0.3608450165874436
c1ccc2c(c1)ccc3c2ccc4c5ccccc5ccc43,-2.3088724435447943
CC1(C)C(C(=O)OC(C#N)c2cccc(Oc3ccccc3)c2)C1(C)C,-1.4343929781588305
CC(C)C(=O)C,1.3644152836862191
Cc1[nH]c(=O)n(c(=O)c1Cl)C(C)(C)C,0.2439440337282689
O=C1NC(=O)C(=O)C(=O)N1 ,0.8288262344254392
CCCC=C(CC)C=O,0.2553193763674359
c1ccc(Cl)cc1C(c2ccc(Cl)cc2)(O)C(=O)OC(C)C,-0.7258039262607188
CC(Cl)Cl,0.8098673300268275
OC4=C(C1CCC(CC1)c2ccc(Cl)cc2)C(=O)c3ccccc3C4=O,-1.3898395528220928
c1(OC)ccc(CC=C)cc1,0.0372919757834015
CCN2c1ncccc1N(C)C(=O)c3cccnc23 ,0.1794837587729891
CCCCOC=O,0.7719495212296041
CCCCCCCCCC(=O)OC,-0.8016395438551656
CN(C)C(=O)Nc2ccc(Oc1ccc(Cl)cc1)cc2,-0.8964340658482236
CCCC(=O)C,1.3312372009886488
Oc1ccncc1,1.904744059046652
CI,0.9473193869167622
Clc1ccccc1Cl,-0.0243244635120863
CCCCCCC,-0.7258039262607188
c2ccc1scnc1c2 ,0.7103330819341163
CO,2.165428994527563
O=c1cc[nH]c(=O)[nH]1 ,0.7160207532536996
CCN(CC)C(=O)C(C)Oc1cccc2ccccc12 ,-0.2707902206940382
ClC(=C(Cl)C(=C(Cl)Cl)Cl)Cl,-0.9106532441471824
CNC(=O)Oc1ccccc1OC(C)C,0.4496481464532057
Nc1cc(nc(N)n1=O)N2CCCCC2 ,0.4785604756610884
Clc2c(Cl)c(Cl)c(c1ccccc1)c(Cl)c2Cl ,-2.3325710740430585
C1CCCCC1,-0.048023094010351
Cn1ccc(=O)[nH]c1=O,1.0387961006400637
CCCCOC(=O)c1ccccc1C(=O)OCCCC ,-0.6641874869652308
CN(C)C(=O)N(C)C ,1.8668262502494288
CC(=C)C,0.3169358156629238
COc1ccc(C=O)cc1,0.7150728080337692
CCC(C)(C)C,-0.2613107684947323
CC12CCC(O)CC1CCC3C2CCC4(C)C3CCC4=O,-0.6651354321851614
CSSC,0.7387714385320338
CCCCOC,0.9520591130164152
CCC(C)C1(CC=C)C(=O)NC(=O)NC1=O,0.4657632151920255
COC(=O)C1=C(C)NC(=C(C1c2ccccc2N(=O)=O)C(=O)OC)C ,-0.8348176265527357
CCCCCCCCCCCCCCCCCCO,-2.560077926826399
O=C1c2ccccc2C(=O)c3ccccc13,-1.0386258488378115
O=N(=O)c1ccc(cc1)N(=O)=O,-0.1854751509002857
Nc1ccc(cc1)c2ccc(N)cc2,0.1415659499757657
CN(C)c2c(C)n(C)n(c1ccccc1)c2=O ,1.248765966854688
CC=C(C(=CC)c1ccc(O)cc1)c2ccc(O)cc2,-0.9248724224461412
CCOC(=O)C,1.4023330924834423
CC(C#C)N(C)C(=O)Nc1ccc(Cl)cc1,-0.4272011819825846
CCSCCSP(=S)(OC)OC,-0.0437573405206634
COc2ncc1nccnc1n2,0.8951823998205801
Clc1cccc(c1Cl)c2cccc(Cl)c2Cl,-2.029228603665272
Oc1ccc(c(O)c1)c3oc2cc(O)cc(O)c2c(=O)c3O ,-0.0399655596409411
CCCCC,-0.0859409028075744
OC1CCCCCC1,1.0041961001125974
O=N(=O)OCC(CON(=O)=O)ON(=O)=O ,0.3690728027591058
CCOP(=S)(OCC)SCSP(=S)(OCC)OCC,-1.2045162623256636
CC(C)C1CCC(C)CC1O ,0.2221412936698655
COc2ccc(Oc1ccc(NC(=O)N(C)C)cc1)cc2,-0.5504340605735606
c1c(Cl)cccc1c2ccccc2,-0.8916943397485708
CCCCCCCC(=O)OC,-0.0812011767079214
CCCOC(=O)C,1.080031717707044
CCC(C)(C)O,1.492387888376848
CC1(C)C2CCC1(C)C(=O)C2,0.4923056813500819
CCCC/C=C/C,-0.3892833731853612
CC(O)C(C)(C)C,1.1274289787035732
OC(c1ccc(Cl)cc1)(c2ccc(Cl)cc2)C(Cl)(Cl)Cl,-1.2642368111812905
Oc1ccccc1O,1.7151550150605357
CC(C)N(C(C)C)C(=O)SCC(Cl)=C(Cl)Cl,-0.8916943397485708
CC(=O)OC3CCC4C2CCC1=CC(=O)CCC1(C)C2CCC34C ,-1.0357820131780198
OCC(O)COC(=O)c1ccccc1Nc2ccnc3cc(Cl)ccc23,-0.7452368032692959
c1cC2C(=O)NC(=O)C2cc1,0.031604304463818
O=C2NC(=O)C1(CCCCCC1)C(=O)N2 ,-0.0802532314879909
O=C(Nc1ccccc1)Nc2ccccc2,-0.0717217245086155
NS(=O)(=O)c1cc(ccc1Cl)C2(O)NC(=O)c3ccccc23,-0.2143874801081685
CCCCCCCCC(=O)C,-0.1428176160034093
CC2(C)C1CCC(C)(C1)C2=O,0.544442668446264
CC(C)c1ccc(C)cc1O,0.3690728027591058
Nc1ccc(cc1)N(=O)=O,0.2979769112643121
CCCCC1C(=O)N(N(C1=O)c2ccccc2)c3ccccc3 ,-0.3845436470857084
CC1(C)C(C=C(Cl)Cl)C1C(=O)OC(C#N)c2ccc(F)c(Oc3ccccc3)c2,-2.056245042433294
Clc1ccccc1c2ccccc2,-0.7305436523603716
CCCC(O)CC,1.0421139089098206
Cc1cc(C)c(C)c(C)c1C,-0.4745984429791138
Cc1ccc(Br)cc1,-0.0906806289072272
Sc1ccccc1,0.4164700637556351
CCNc1nc(NC(C)(C)C)nc(OC)n1,-0.1139052867955265
ClC(Cl)C(Cl)Cl,0.5965796555424462
O=N(=O)c1ccccc1,0.5681412989445286
CCC(=O)Nc1ccc(Cl)c(Cl)c1,-0.0006258330138218
CNC(=O)ON=C(SC)C(=O)N(C)C,1.4715330935383752
NC(=O)c1cnccn1,1.1051522660352044
CCOC(=O)CC(=O)OCC,1.0326344567105148
Nc2cnn(c1ccccc1)c(=O)c2Cl,0.0571988254019437
ClCCC#N ,1.2838399399921196
CCCCC(C)(O)CC,0.662935820937587
CCCOC,1.2364426789955902
O=C1NC(=O)c2ccccc12 ,0.1842234848726421
CC1CC2C3CCC(O)(C(=O)C)C3(C)CC(O)C2(F)C4(C)C=CC(=O)C=C14,-0.5215217313656778
CN(C)c1nc(nc(n1)N(C)C)N(C)C,-0.173151863041188
CCCCCCBr,-0.3845436470857084
C=CCCC=C,0.1510454021750715
CN2C(=C(O)c1ccccc1S2(=O)=O)C(=O)Nc3ccccn3 ,-0.5504340605735606
CC(=C)C(=C)C,0.2837577329653534
CCCOC(=O)CC,1.0326344567105148
CCc1ccccn1,1.6630180279643534
ClCc1ccccc1,0.2884974590650063
c1cc2ccc(OC)c(CC=C(C)(C))c2oc1=O ,-0.6234258425082155
C1OC(O)C(O)C(O)C1O,1.6061413147685182
CCCCCCOC(=O)c1ccccc1C(=O)OCCCCCC,-1.4907957187447
CCCOC(C)C,0.7861686995285629
C1c2ccccc2c3ccc4ccccc4c13,-1.7448450376860964
OC1CCCCCCC1,0.8098673300268275
C1=Cc2cccc3cccc1c23,-0.4556395385805021
COP(=S)(OC)Oc1ccc(Sc2ccc(OP(=S)(OC)OC)cc2)cc1,-1.534875171471472
CC1CCCCC1,-0.40350255148432
Cc1c2ccccc2c(C)c3ccccc13,-1.6927080505899146
Nc3nc(N)c2nc(c1ccccc1)c(N)nc2n3,0.2818618425254923
Oc1ccc(Cl)cc1,1.08951116990635
CCCCCCCO,0.5634015728448757
O=Cc1ccco1,1.3738947358855251
CCCCCCCC=C,-0.9722696834426704
CCCCCCCC(=O)C,0.1984426631716008
Oc1ccc(Br)cc1,0.904661852019886
COCCCNc1nc(NC(C)C)nc(SC)n1,0.0335001949036792
CC34CC(=O)C1C(CCC2=CC(=O)CCC12C)C3CCC4(=O) ,-0.2281326857971619
c1(O)c(C)ccc(C(C)C)c1,0.4354289681542468
O=C1NC(=O)NC(=O)C1(C(C)C)C(C)C,0.1102837577180565
Clc1ccc(Cl)c(c1)c2c(Cl)c(Cl)cc(Cl)c2Cl ,-2.0955847690604124
CCC#N,1.554004327672336
Cc1c2ccccc2cc3ccccc13,-1.3704066758135156
CCCCCl,0.4591275986525115
CCc1cccc(C)c1N(C(C)COC)C(=O)CCl ,0.127346771676807
Cc3ccnc4N(C1CC1)c2ncccc2C(=O)Nc34 ,-0.0906806289072272
CC12CC(O)C3C(CCC4=CC(=O)CCC34C)C2CCC1(O)C(=O)CO,-0.043283367910698
CCCOC(=O)CCC,0.5918399294427932
c1ccccc1C(O)c2ccccc2,0.2126618414705597
CC(=O)Nc1cc(NS(=O)(=O)C(F)(F)F)c(C)cc1C,-0.114379259405492
Cl\C=C/Cl,0.8051276039271746
Clc1ccc(Cl)c(c1)c2c(Cl)c(Cl)c(Cl)c(Cl)c2Cl,-2.816023136207656
CCOC(=O)CC(SP(=S)(OC)OC)C(=O)OCC,-0.1759956987009799
ClC(Cl)(Cl)Cl,0.3264152678622297
Clc1ccc2ccccc2c1,-0.5409546083742546
c1cccc2c3c(C)cc4ccccc4c3ccc12,-1.7021875027892202
CC(=O)OCC(COC(=O)C)OC(=O)C,1.136908430902879
O=N(=O)c1cccc2ccccc12,-0.2565710423950795
CC(C)c1ccc(C)cc1,-0.3655847426870967
CBr,1.0468536350094737
CNC(=O)Oc1cccc2CC(C)(C)Oc12,0.0941686889792366
CCCCCCCC(C)O,0.122607045577154
c1c(Br)ccc2ccccc12 ,-0.6641874869652308
CC1(C)C(C=C(Cl)Cl)C1C(=O)OCc2cccc(Oc3ccccc3)c2,-1.560469692409598
OCC(O)C(O)C(O)C(O)CO ,1.449730353479972
C1(=O)NC(=O)NC(=O)C1(O)C2(O)C(=O)NC(=O)NC2(=O),0.4780865030511231
CN(C)C=Nc1ccc(Cl)cc1C,0.0657303323813191
C1CC=CC1,0.4259495159549409
c1ccccc1C(O)C(O)c2ccccc2,0.5065248596490407
Cc1cc(C)c(C)cc1C,-0.754242282858636
c1ccc2c(c1)cc3ccc4cccc5ccc2c3c45,-2.701795737206021
Clc1ccc(Cl)c(c1)c2cc(Cl)c(Cl)c(Cl)c2Cl,-2.218817647651388
CNc1ccccc1,0.8146070561264804
O=C1CCC(=O)N1,1.563483779871642
Cc1ccc(C)c2ccccc12,-0.5409546083742546
CCN2c1ccccc1N(C)C(=S)c3cccnc23 ,-0.8092231056146102
Nc1nc(O)nc2nc[nH]c12 ,-0.1906888496099038
OC1C=CC2C1C3(Cl)C(=C(Cl)C2(Cl)C3(Cl)Cl)Cl ,-1.1665984535284402
CC(=O)OCC(=O)C1(O)CCC2C3CCC4=CC(=O)CCC4(C)C3C(O)CC21C,-0.8916943397485708
CCNc1nc(NC(C)C)nc(SC)n1,-0.0195847374124335
CC(=O)OCC(=O)C3(O)CCC4C2CCC1=CC(=O)C=CC1(C)C2C(O)CC34C ,-0.649968308666272
CN(=O)=O,1.5445248754730303
CCSCC,0.7861686995285629
Clc1ccccc1Br,-0.0906806289072272
CCC(C)C(=O)OC2CC(C)C=C3C=CC(C)C(CCC1CC(O)CC(=O)O1)C23 ,-1.4249135259595245
Oc1c(I)cc(C#N)cc1I,-0.2897491250926499
CC(C)C(C)C,-0.3087080294912616
CCCCOCCCC,0.544442668446264
CN(C(=O)COc1nc2ccccc2s1)c3ccccc3,-0.8883765314788139
CC(=O)C1(O)CCC2C3CCC4=CC(=O)CCC4(C)C3CCC21C,-0.3878614553554654
COP(=O)(NC(C)=O)SC ,1.677237206263312
CCCCN(CC)c1c(cc(cc1N(=O)=O)C(F)(F)F)N(=O)=O,-1.1997765362260109
CC(C)(C)c1ccc(O)cc1,0.2790180068657004
CCOC(=O)N(C)C(=O)CSP(=S)(OCC)OCC,0.227828964989449
CCC1(C(=O)NC(=O)NC1=O)C2=CCCCC2 ,0.3927714332573706
C1CCOC1,1.6535385757650474
Brc1ccc(Br)cc1,-0.5077765256766844
ClCC#CCOC(=O)Nc1cccc(Cl)c1,-0.649968308666272
CC(C)(C)Cc1ccccc1,-0.5456943344739078
c1ccc2c(c1)sc3ccccc23,-0.6547080347659248
CCCCl,0.724552260233075
c1ccccc1O,1.4212919968820543
c1ccnnc1,1.942661867843876
CCCCCCCCCCCCCCCO,-1.58843407639755
N(Nc1ccccc1)c2ccccc2 ,0.0372919757834015
c1ccc2cc3ccccc3cc2c1,-1.58843407639755
FC(F)(F)c1ccccc1,0.2316207458691714
Clc1ccccc1N(=O)=O,0.2126618414705597
Cc1cccc(O)c1,1.0989906221056556
CC12CC(O)C3C(CCC4=CC(=O)CCC34C)C2CCC1C(=O)CO,-0.114379259405492
CC(C)c1ccccc1C,-0.3608450165874436
c1ccc2c3c(ccc2c1)c4cccc5cccc3c45,-2.3704888828402817
OC(Cn1cncn1)(c2ccc(F)cc2)c3ccccc3F,-0.1759956987009799
C=CC=C,0.5349632162469581
c1(O)cc(O)ccc1CCCCCC,0.193702937071948
Cc1cccc2ccccc12,-0.3324066599895263
CC1=CC(=O)CC(C)(C)C1 ,0.9188810303188448
CC12CC(=O)C3C(CCC4=CC(=O)CCC34C)C2CCC1(O)C(=O)CO,-0.0527628201100038
c1c(NC(=O)c2ccccc2(I))cccc1,-0.5741326910718252
Cc1c[nH]c2ccccc12 ,0.2742782807660476
O=c2[nH]c(=O)c1[nH]c(=O)[nH]c1[nH]2 ,-0.4414203602815434
CCCCO,1.4212919968820543
CC(C)OP(=S)(OC(C)C)SCCNS(=O)(=O)c1ccccc1,-0.5693929649721723
c3ccc2nc1ccccc1cc2c3,-0.3181874816905674
Nc1c(C)c[nH]c(=O)n1 ,0.7302399315526584
CC(C)N(=O)=O,1.1274289787035732
CN1CC(O)N(C1=O)c2nnc(s2)C(C)(C)C,0.5316454079772012
Clc1cccc(c1)N(=O)=O,0.1083878672781953
CCOP(=S)(OCC)ON=C(C#N)c1ccccc1,-0.8831628327691956
Clc1ccc(cc1)c2ccccc2Cl ,-1.0812833837346878
CC(=C)C1CC=C(C)C(=O)C1,0.4449084203535526
CC1(OC(=O)N(C1=O)c2cc(Cl)cc(Cl)c2)C=C,-0.9130231071970089
CCCCCc1ccccc1,-0.7779409133569006
c1cc2cccc3c4cccc5cccc(c(c1)c23)c54,-2.751562861252377
CCCSCCC,0.1984426631716008
CN(C)C(=O)Nc1ccc(Cl)c(Cl)c1,-0.3798039209860553
Oc1ccc(cc1)C2(OC(=O)c3ccccc23)c4ccc(O)cc4 ,0.0467714279827074
NC(=S)N,1.5729632320709477
O=C1NC(=O)NC(=O)C1(C(C)CCC)CC=C,0.3046125278038263
CCCCCCCCOC(=O)c1ccccc1C(=O)OCCCCCCCC ,-1.003077903090415
CCN2c1ncccc1N(CC)C(=O)c3cccnc23 ,0.0657303323813191
ClCC,0.9188810303188448
c1ccc2c(c1)c3cccc4ccc5cccc2c5c43,-2.275694360847224
CC34CC(O)C1(F)C(CCC2=CC(=O)CCC12C)C3CCC4(O)C(=O)CO ,-0.2044340552988974
OCC1OC(O)(CO)C(O)C1O,1.7246344672598413
Oc1cccc2ccccc12,0.3690728027591058
CCCC=C,0.1510454021750715
CCCC(C)C1(CC=C)C(=O)NC(=S)NC1=O ,-0.2186532335978561
COc1ccccc1N(=O)=O,0.4923056813500819
Oc1ccc(cc1)c2ccccc2,-0.2281326857971619
O=C1NC(=O)NC(=O)C1(CC)CC=C(C)C,0.3534317066302512
Oc1ccc(Cl)cc1Cc2cc(Cl)ccc2O,-0.4523217303107451
CC(C)=CCC/C(C)=C\CO,0.2553193763674359
CC,0.776689247329257
Clc1cc(Cl)cc(Cl)c1,-0.7021052957624542
CC(C)CCOC(=O)C,0.5112645857486936
CCOC(=O)N,1.8241687153525523
CCCN(CCC)c1c(cc(cc1N(=O)=O)C(C)C)N(=O)=O,-1.6547902417926912
CN(C)C(=O)NC1CC2CC1C3CCCC23,-0.0816751493178868
CCCCCC(=O)OCC,0.307456363463618
CSc1nc(nc(n1)N(C)C)N(C)C,0.1529412926149327
CCCC#C,0.6439769165389754
CCOc1ccc(NC(=O)C)cc1,0.307456363463618
CC12CCC3C(CCC4=CC(=O)CCC34C)C2CCC1C(=O)CO,-0.2139135074982033
Clc1ccc(c(Cl)c1)c2c(Cl)c(Cl)c(Cl)c(Cl)c2Cl,-2.3325710740430585
NNc1ccccc1,1.4544700795796246
ClC(Cl)(Cl)C#N,0.3937193784773011
CC(C)I,0.430689242054594
CCCOCCC,0.6534563687382812
CCN2c1nc(C)cc(C(F)(F)F)c1NC(=O)c3cccnc23 ,-0.5727107732419292
CCC#C,0.8335659605250921
CC12CCC3C(CCc4cc(O)ccc34)C2CCC1=O,-0.4532696755306757
CC(=O)C3(C)CCC4C2C=C(C)C1=CC(=O)CCC1(C)C2CCC34C,-1.0765436576350345
CC(=O)C1CCC2C3CCC4=CC(=O)CCC4(C)C3CCC12C,-0.6736669391645365
CC4CC3C2CCC1=CC(=O)C=CC1(C)C2(F)C(O)CC3(C)C4(O)C(=O)COC(C)=O ,-0.9011737919478768
ClC1(C(=O)C2(Cl)C3(Cl)C14Cl)C5(Cl)C2(Cl)C3(Cl)C(Cl)(Cl)C45Cl,-1.0713299589254166
Cc1cccc2c1ccc3ccccc32,-1.351447771414904
CCN2c1nc(C)cc(C)c1NC(=O)c3cccnc23 ,-0.7371792688998854
CC12CCC3C(CCC4=CC(=O)CCC34C)C2CCC1O,-0.4840778951784195
CSCS(=O)CC(CO)NC(=O)C=Cc1c(C)[nH]c(=O)[nH]c1=O,0.4823522565408107
COc1cc(cc(OC)c1O)C6C2C(COC2=O)C(OC4OC3COC(C)OC3C(O)C4O)c7cc5OCOc5cc67,-0.2712641933040036
Cc1cc2c3ccccc3ccc2c4ccccc14,-1.6927080505899146
Oc1cccc2ncccc12 ,0.2174015675702125
CC(C)SC(C)C,0.3595933505598
CC(=O)Nc1ccccc1,0.7909084256282158
CCc1ccccc1,0.1083878672781953
Cc1ncnc2nccnc12,1.200420760638228
ClC(Cl)(Cl)N(=O)=O,0.4733467769514702
ClC(Cl)Cl,0.8667440432226626
NC(=O)c1ccccc1,0.966278291315374
Cc1ccnc(C)c1,1.6014015886688653
Cn1c(=O)n(C)c2nc[nH]c2c1=O,0.7624700690302983
Nc3ccc2cc1ccccc1cc2c3 ,-1.0291463966385055
CCCC,0.2031823892712538
COC(C)(C)CCCC(C)CC=CC(C)=CC(=O)OC(C)C,-1.0386258488378115
CCCC1CCCC1,-0.82533817435343
CC(=O)OC3(CCC4C2CCC1=CC(=O)CCC1C2CCC34C)C#C,-0.8537765309513474
NC(=O)NCc1ccccc1 ,0.971018017415027
C1CCOCC1,1.4070728185830956
CC(C)OC(=O)C,1.1606070614011434
c1(C(C)(C)C)cc(C(C)(C)C)cc(OC(=O)NC)c1,-0.588351869370784
C=Cc1ccccc1,0.0846892367799308
O=C1NC(=O)C(=O)N1 ,1.2317029528959376
CC12CCC(=O)C=C1CCC3C2CCC4(C)C3CCC4(O)C#C ,-1.2613929755214988
CCCCCCCC(=O)OCC,-0.1854751509002857
OC3N=C(c1ccccc1Cl)c2cc(Cl)ccc2NC3=O,-0.2869052894328582
COC(=O)C=C,1.31701802268969
O=C1NCCN1c2ncc(s2)N(=O)=O,-0.1048998072061861
OCC3OC(OCC2OC(OC(C#N)c1ccccc1)C(O)C(O)C2O)C(O)C(O)C3O ,1.0563330872087795
CC2=CC(=O)c1ccccc1C2=O ,-0.0148450113127804
CCC(=O)OC,1.354935831486913
CC(C)CC(C)(C)O,0.9852371957139856
CCCCC(=O)OCC,0.3548536244601472
CC=C,0.9094015781195388
CC(C)C(C)(C)C,-0.6452285825666191
Nc1ccc(Cl)cc1,0.6344974643396696
CC(C)CC(C)O,1.0421139089098206
Nc1cccc2ccccc12,0.5112645857486936
OC1CCCCC1,1.2127440484973258
ClCC#N,1.3776865167652474
CC34CCC1C(CCc2cc(O)ccc12)C3CC(O)C4O ,-0.9272422854959678
Cc1cccc(C)c1C,-0.0954203550068803
CCN2c1ccccc1N(C)C(=O)c3cccnc23 ,-0.1541929586425763
CCCCCCCI,-0.8585162570510002
NC(N)=NC#N ,1.2743604877928136
C=CCC=C,0.430689242054594
CCCCNC(=O)n1c(NC(=O)OC)nc2ccccc12,-0.8931162575784667
NC(=O)c1cccnc1 ,1.7104152889608824
Cc1ccc(OP(=O)(Oc2cccc(C)c2)Oc3ccccc3C)cc1,-1.4272833890093508
OC1C(O)C(O)C(O)C(O)C1O,1.5871824103699066
Cc2c(N)c(=O)n(c1ccccc1)n2C,1.125533088263712
CCCCC(=O)CCCC,0.1984426631716008
COP(=S)(OC)Oc1ccc(SC)c(C)c1,-0.7447628306593305
CNC(=O)Oc1ccccc1C(C)C,0.0643084145514232
CCc1ccccc1C,-0.1001600811065331
CC45CCC2C(CCC3CC1SC1CC23C)C4CCC5O,-1.1428998230301757
Cc1ccc(cc1N(=O)=O)N(=O)=O,0.0846892367799308
CCC(CC)CO,0.8667440432226626
BrCBr,0.8667440432226626
O=c1[nH]cnc2nc[nH]c12 ,0.3330508844017438
COP(=O)(OC)C(O)C(Cl)(Cl)Cl,1.31701802268969
CCC(C)CCO,1.0847714438066969
CC34CCC1C(CC=C2CC(O)CCC12C)C3CCC4=O,-0.5314751561749489
O=C1NC(=O)NC(=O)C1(C(C)C)CC=C,0.6117467790613355
Cc1ncc(N(=O)=O)n1CCO,0.843045412724398
CC(C)C(C)C(C)C,-0.8537765309513474
CC(=O)C3CCC4C2CC=C1CC(O)CCC1(C)C2CCC34C ,-0.7826806394565539
COP(=S)(OC)SCC(=O)N(C)C=O,0.4757166400012966
CC(C)OC(=O)C(O)(c1ccc(Br)cc1)c2ccc(Br)cc2 ,-0.9153929702468352
NS(=O)(=O)c2cc1c(NCNS1(=O)=O)cc2Cl ,0.1747440326733363
ClC(Cl)CC(=O)NC2=C(Cl)C(=O)c1ccccc1C2=O,-0.9627902312433648
Cc1ccc(O)c(C)c1,0.8572645910233568
CN2C(=O)CN=C(c1ccccc1)c3cc(ccc23)N(=O)=O,-0.3779080305461942
ClC1C=CC2C1C3(Cl)C(=C(Cl)C2(Cl)C3(Cl)Cl)Cl,-1.5727929802686955
CCc1ccc2ccccc2c1,-0.6120504998690486
COP(=S)(OC)Oc1cc(Cl)c(I)cc1Cl,-1.716406681088179
Cc1cc(ccc1NS(=O)(=O)C(F)(F)F)S(=O)(=O)c2ccccc2,-0.3798039209860553
CC(=O)N,2.170168720627216
CCCCCCCl,-0.0575025462096569
CCCCCC1CCCC1,-1.4604614717069213
Clc1cc(Cl)c(cc1Cl)c2cc(Cl)c(Cl)cc2Cl ,-2.6359135444208457
CC12CCC3C(CCc4cc(O)ccc34)C2CCC1O,-0.9627902312433648
CC(=O)Nc1ccc(F)cc1,0.5776207511438345
NS(=O)(=O)c2cc1c(N=CNS1(=O)=O)cc2Cl ,-0.0243244635120863
Oc1c(Br)cc(C#N)cc1Br ,-0.1570367943023682
Clc1cc(Cl)c(Cl)cc1Cl,-1.2139957145249691
CCC(C)c1cc(cc(N(=O)=O)c1O)N(=O)=O ,-0.1807354248006327
Oc1cccc(Cl)c1,1.08951116990635
CCI,0.662935820937587
CC=C(C)C,0.2079221153709066
COc2cnc1ncncc1n2,0.8814371941315866
NC(=O)NC1NC(=O)NC1=O ,0.662935820937587
CCCCCC=C,-0.346625838288485
NS(=O)(=O)c3cc2c(NC(Cc1ccccc1)NS2(=O)=O)cc3C(F)(F)F,-0.280269672893344
ClC=C(Cl)Cl,0.4923056813500819
Nc1nc[nH]n1,1.6687056992839366
O=C1CCCN1,1.9284426895449167
c1ccc2c(c1)[nH]c3ccccc32,-1.0765436576350345
COC=O,1.6961961106619237
Clc1ccccc1c2ccccc2Cl ,-1.0765436576350345
OCC(O)C(O)C(O)C(O)CO,1.9379221417442227
Cc1cccnc1C,1.6014015886688653
O=c2c(C3CCCc4ccccc43)c(O)c1ccccc1o2 ,0.0752097845806249
Cc1ncc(N(=O)=O)n1CCO ,0.8240865083257863
CC1CC2C3CC(F)C4=CC(=O)C=CC4(C)C3(F)C(O)CC2(C)C1(O)C(=O)CO,-1.23911626285313
CCC(C)(C)Cl,0.2316207458691714
CC1=C(SCCO1)C(=O)Nc2ccccc2,-0.0669819984089627
c1cc2ccc3cccc4ccc(c1)c2c34,-1.5059628422635891
Cc1ccc(Cl)cc1,-0.0385436418110452
CCCCCCCCCCCCCC,-2.3515299784416706
OC(C1=CC2C5C(C1C2=C(c3ccccc3)c4ccccn4)C(=O)NC5=O)(c6ccccc6)c7ccccn7 ,-0.4418943328915087
CCOC(=O)c1ccccc1C(=O)OCC,0.307456363463618
C1CCC=CC1,0.193702937071948
O2c1ccc(N)cc1N(C)C(=O)c3cc(C)ccc23 ,-0.4404724150616128
Clc1cc(Cl)c(Cl)c(Cl)c1Cl,-1.256653249421846
O=N(=O)c1cccc(c1)N(=O)=O,0.3358947200615355
C(c1ccccc1)c2ccccc2,-0.5125162517763372
CCN(CC)C(=S)SSC(=S)N(CC)CC,-0.8822148875492651
NC(=O)c1ccccc1O,0.5586618467452228
CCC=O,1.6961961106619237
Sc1nccc(=O)[nH]1 ,0.3439522544309454
C1OC1c2ccccc2 ,0.662935820937587
CN(C(=O)NC(C)(C)c1ccccc1)c2ccccc2,-0.166516246501674
Nc1ccc(O)cc1,1.0421139089098206
Oc1ccccc1Cl,0.9188810303188448
CC23Cc1cnoc1C=C2CCC4C3CCC5(C)C4CCC5(O)C#C,-1.188875166196809
c2(Cl)c(Cl)c(Cl)c1nccnc1c2(Cl) ,-1.1523792752294812
O=C1NC(=O)NC(=O)C1(C)C,0.5956317103225156
Clc1cc(Cl)c(Cl)c(c1Cl)c2c(Cl)c(Cl)cc(Cl)c2Cl ,-2.915557384300368
CSC,1.2080043223976729
CCN(CC)c1nc(Cl)nc(n1)N(CC)CC,-0.6694011856748491
CCCCC(CC)CO,0.4212097898552882
CC(=C)C=C,0.4591275986525115
CC(=O)SC4CC1=CC(=O)CCC1(C)C5CCC2(C)C(CCC23CCC(=O)O3)C45,-0.5565957045031094
CNC(=O)Oc1cccc2ccccc12,-0.1067956976460473
CCCCC=C,-0.1096395333058389
Clc1ccc(Cl)c(Cl)c1Cl,-0.7447628306593305
CC(=O)Nc1ccc(O)cc1,0.9331002086178036
c1cnc2c(c1)ccc3ncccc23,0.1510454021750715
C1CCCCCCC1,-0.5456943344739078
CC(C)CCC(C)(C)C,-0.9722696834426704
CCC(C)Cl,0.4923056813500819
c1cc(C)cc2c1c3cc4cccc5CCc(c45)c3cc2,-2.3325710740430585
Cc1ccccc1N(=O)=O,0.3169358156629238
CCCCCCCCCCCCO,-0.8537765309513474
CCCCBr,0.2979769112643121
CCC1(C(C)C)C(=O)NC(=O)NC1=O ,0.3738125288587589
COc1ccccc1OCC(O)COC(N)=O,0.9544289760662416
c1cc2ccc3ccc4ccc5cccc6c(c1)c2c3c4c56,-2.852992999784949
CCN2c1ncccc1N(C)C(=S)c3cccnc23 ,-0.7750970776971091
COc1ncnc2nccnc12 ,0.8951823998205801
Clc1cc(Cl)c(cc1Cl)c2cccc(Cl)c2Cl ,-1.9960505209677013
CCCCOC(=O)c1ccc(N)cc1,-0.0394915870309756
Cc1cc(C)cc(C)c1,-0.1902148769999385
Clc1cc(c(Cl)c(Cl)c1Cl)c2cc(Cl)c(Cl)c(Cl)c2Cl,-2.9202971104000204
c1ccncc1,1.7815111804556762
CC34CC(O)C1(F)C(CCC2=CC(=O)C=CC12C)C3CC(O)C4(O)C(=O)CO,-0.3229272077902205
Nc3cc2c1ccccc1ccc2c4ccccc34 ,-1.5173381849027563
Clc1ccc(cc1)c2cc(Cl)ccc2Cl ,-1.541036815401021
ClC1=C(Cl)C2(Cl)C3C4CC(C=C4)C3C1(Cl)C2(Cl)Cl,-1.5680532541690428
CCC(O)C(C)C,1.08951116990635
ClCCCl,0.9188810303188448
CCCCOc1ccc(C(=O)OCC)c(c1)N(CC)CC ,-0.398762825384667
CCCCc1c(C)nc(nc1O)N(C)C ,0.3595933505598
CCCCCBr,-0.0385436418110452
CNc2cnn(c1cccc(c1)C(F)(F)F)c(=O)c2Cl,-0.4964011830375174
Fc1cccc(F)c1C(=O)NC(=O)Nc2ccc(Cl)cc2,-1.4320231151090037
CCCCCCl,0.127346771676807
Nc2cccc3nc1ccccc1cc23 ,-0.578872417171478
Fc1c[nH]c(=O)[nH]c1=O ,0.9108234959494348
CC(C)(C)CO,1.2317029528959376
O=C3CN=C(c1ccccc1)c2cc(ccc2N3)N(=O)=O,-0.3779080305461942
BrC(Cl)Cl,0.6913741775355046
COc1nc(NC(C)C)nc(NC(C)C)n1,0.2467878693880605
Oc1ccccn1,1.904744059046652
ClCBr,0.9994563740129444
Ic1cccc2ccccc12,-0.7352833784600243
CCCCc1ccccc1,-0.5030367995770312
Cc1ccccc1N,0.3738125288587589
CCN(CC(C)=C)c1c(cc(cc1N(=O)=O)C(F)(F)F)N(=O)=O,-1.481316266545394
C1Cc2c3c1cccc3cc4c2ccc5ccccc54,-2.299392991345488
CC(=O)N(S(=O)c1ccc(N)cc1)c2onc(C)c2C ,-0.280269672893344
Cc1cccc(N)c1,1.018415278411556
Cc1ccc(cc1)S(=O)(=O)N,0.5965796555424462
CCCCc1c(C)nc(NCC)nc1OS(=O)(=O)N(C)C ,-0.5504340605735606
c1ccc2c(c1)ccc3c4ccccc4ccc23,-2.397505321608304
Clc1ccc(Cl)c(Cl)c1,-0.280269672893344
CC1=CCCCC1,-0.1285984377044506
CCCCCCCCCCCC(=O)OC,-0.8016395438551656
CCCCCC(=O)OC,0.5349632162469581
Oc1cccc2cccnc12 ,0.2742782807660476
Clc1ccccc1C2=NCC(=O)Nc3ccc(cc23)N(=O)=O,-0.2371381653865026
Cc1cc(no1)C(=O)NNCc2ccccc2,0.2548454037574706
CCC1(C(=O)NC(=O)NC1=O)c2ccccc2 ,0.3207275965426461
Clc1ccc(c(Cl)c1)c2ccc(Cl)c(Cl)c2Cl ,-2.275694360847224
CCC1(CCC(C)C)C(=O)NC(=O)NC1=O,0.2515275954877136
O=c2[nH]c1CCCc1c(=O)n2C3CCCCC3,-0.7561381732984971
Clc1cccc(I)c1,-0.2613107684947323
C1C=CCC=C1,0.4449084203535526
CC(C)CC(C)(C)C,-0.82533817435343
CC1CCCO1,1.4734289839782364
C1C(O)CCC2(C)CC3CCC4(C)C5(C)CC6OCC(C)CC6OC5CC4C3C=C21,-2.0481875080638834
Oc1c(Cl)ccc(Cl)c1Cl,0.1700043065736832
CCOc2ccc1nc(sc1c2)S(N)(=O)=O ,-0.3845436470857084
Cc1cncc(C)c1,1.6014015886688653
CC34CCC1C(CCC2=CC(=O)CCC12C)C3CCC4=O,-0.3276669338898733
CC(=O)OC3(C)CCC4C2CCC1=CC(=O)CCC1(C)C2CCC34C ,-1.0831792741745487
OC3N=C(c1ccccc1)c2cc(Cl)ccc2NC3=O ,-0.4518477577007798
Cc1ccc2cc(C)ccc2c1,-0.8964340658482236
CCC(CC)C=O,0.7008536297348104
CCCCCC(C)C,-0.9864888617416292
c1ccccc1,0.6439769165389754
Oc1ccc(cc1)N(=O)=O,1.0705522655077382
CCCCCC(C)O,0.6866344514358516
CC(=O)CC(c1ccccc1)c3c(O)c2ccccc2oc3=O ,-0.4238833737128274
CCC2NC(=O)c1cc(c(Cl)cc1N2)S(N)(=O)=O,-0.1380778899037565
Clc1cccc(Cl)c1c2ccccc2 ,-1.048105301037117
Cc3nnc4CN=C(c1ccccc1Cl)c2cc(Cl)ccc2n34,-0.5172559778759901
c3ccc2c(O)c1ccccc1cc2c3 ,-0.8205984482537773
ClC(Cl)(Cl)C(NC=O)N1C=CN(C=C1)C(NC=O)C(Cl)(Cl)Cl ,-0.5646532388725195
OCC1OC(CO)(OC2OC(COC3OC(CO)C(O)C(O)C3O)C(O)C(O)C2O)C(O)C1O,1.2269632267962844
BrCCBr,0.6250180121403637
Cc1cc(cc(N(=O)=O)c1O)N(=O)=O,0.7311878767725891
COc2c1occc1cc3ccc(=O)oc23 ,-0.3153436460307758
ClCCl,1.1226892526039205
c1c(O)C2C(=O)C3cc(O)ccC3OC2cc1(OC),0.0263906057541998
CC1CC2C3CCC4=CC(=O)C=CC4(C)C3(F)C(O)CC2(C)C1(O)C(=O)CO,-0.280269672893344
CCCCC1(CC)C(=O)NC(=O)NC1=O,0.6340234917297042
Oc1cccc(c1)N(=O)=O,0.9425796608171092
CCN(CC)C(=O)C(=CCOP(=O)(OC)OC)Cl,1.669179671893902
Clc1ccccc1I,-0.2565710423950795
c1ccc2c(c1)c3ccccc3c4ccccc24,-1.7666477777445
c1ccc2c(c1)cnc3ccccc23 ,0.1036481411785425
CCCCN(C)C(=O)Nc1ccc(Cl)c(Cl)c1,-0.8395573526523885
CC(C)COC=O,0.9425796608171092
CNC(=O)Oc1cc(C)cc(C)c1,0.1979686905616353
O2c1ccccc1N(C)C(=O)c3cccnc23 ,-0.3191354269104981
Cc1ccc(C)c(C)c1,-0.1475573421030623
COc2c1occc1c(OC)c3c(=O)cc(C)oc23 ,-0.0105792578230931
Oc2ccc1CCCCc1c2 ,0.4780865030511231
O=C1NC(=O)NC(=O)C1(CC)CC=C,0.6563002043980729
Oc2ncc1nccnc1n2,0.4984673252796306
O=C2NC(=O)C1(CC1)C(=O)N2 ,0.5273796544875136
CC1CCCC1,-0.1428176160034093
CCCCCCCCC(=O)OCC,-0.3798039209860553
Cc1cc(=O)n(c2ccccc2)n1C,1.760182413007238
CC(=O)CCC1C(=O)N(N(C1=O)c2ccccc2)c3ccccc3,-0.1285984377044506
CCCOCC,1.1084700743049614
CCN(CC)c1ccccc1,-0.0148450113127804
OCC2OC(OC1(CO)OC(CO)C(O)C1O)C(O)C(O)C2O ,1.795730358754635
OCC(O)CO,1.9521413200431807
CCN(CC)c1c(cc(c(N)c1N(=O)=O)C(F)(F)F)N(=O)=O,-1.171338179628093
Clc1c(Cl)c(Cl)c(N(=O)=O)c(Cl)c1Cl,-1.3372285931159456
Cc1cccc2c(C)cccc12,-0.7964258451455468
CC(C)C(=O)C(C)C,0.8051276039271746
CCc1cccc2ccccc12,-0.5551737866732135
CC(C)CCOC=O,0.7008536297348104
CN(C)C(=O)NC1CCCCCCC1,0.3700207479790365
CC(C)Br,0.6676755470372399
CN(C)C(=O)Nc1ccc(C)c(Cl)c1,-0.2295546036270579
Clc1ccc(cc1Cl)c2ccccc2 ,-1.6073929807961616
Clc1cccc(Br)c1,-0.1001600811065331
ClC(=C(Cl)Cl)Cl,0.2174015675702125
COc1ccc(NC(=O)N(C)C)cc1Cl,0.2060262249310454
CC(C)CC(=O)C,1.0705522655077382
CC(C)NC(=O)N1CC(=O)N(C1=O)c2cc(Cl)cc(Cl)c2,-0.6528121443260638
c1c(OC)c(OC)C2C(=O)OCC2c1,0.5212180105579647
CCC(C)(C)CO,0.9283604825181504
Brc1ccc(I)cc1,-0.7400231045596772
ClC(Cl)C(c1ccc(Cl)cc1)c2ccc(Cl)cc2,-1.9913107948680489
Brc1cc(Br)cc(Br)c1,-1.232954618923581
COC(=O)c1ccccc1OC2OC(COC3OCC(O)C(O)C3O)C(O)C(O)C2O,1.0696043202878076
O2c1cc(C)ccc1N(C)C(=O)c3cc(N)cnc23 ,-0.0210066552423294
Clc1ccc(c(Cl)c1)c2cc(Cl)ccc2Cl ,-1.6927080505899146
OCC(O)C2OC1OC(OC1C2O)C(Cl)(Cl)Cl ,0.5491823945459169
Nc1ccccc1Cl,0.7008536297348104
FC(F)(Cl)C(F)(Cl)Cl,-0.0195847374124335
CCOP(=S)(OCC)Oc1nc(Cl)n(n1)C(C)C,-0.3124998103709839
c1ccc2cc3c4cccc5cccc(c3cc2c1)c45,-2.6027354617232747
CCOC(=O)CCN(SN(C)C(=O)Oc1cccc2CC(C)(C)Oc21)C(C)C,-0.8111189960544711
Brc1ccccc1,0.2126618414705597
Brc1cccc(Br)c1,-0.2565710423950795
CCCO,1.7151550150605357
COc1cccc(Cl)c1,0.1036481411785425
COc1ccc(Cl)cc1,0.1036481411785425
CCN2c1cc(N(C)C)cc(C)c1NC(=O)c3cccnc23 ,-0.8874285862588834
CN(C)C(=O)Nc1cccc(OC(=O)NC(C)(C)C)c1 ,0.0325522496837485
CCNc1nc(Cl)nc(NCC)n1 ,-0.7352833784600243
COP(=S)(OC)Oc1ccc(cc1Cl)N(=O)=O,-0.6215299520683542
CCOC(=O)NCCOc2ccc(Oc1ccccc1)cc2,-0.8063792699548183
CCN2c1ccccc1N(C)C(=O)c3ccccc23 ,-0.8296039278431174
O=C(C=CC=Cc2ccc1OCOc1c2)N3CCCCC3,-0.2186532335978561
c1ccc2cnccc2c1,0.7340317124323809
CCC(C)n1c(=O)[nH]c(C)c(Br)c1=O ,0.2254591019396224
C=CC=O,1.6914563845622708
COC(=O)Nc1cccc(OC(=O)Nc2cccc(C)c2)c1,-0.8561463940011738
COC(=O)Nc2nc1ccc(cc1[nH]2)C(=O)c3ccccc3,-0.4177217297832787
o1c2ccccc2c3ccccc13,-0.7589820089582889
CCOC(=O)c1cncn1C(C)c2ccccc2,-0.8229683113036036
Clc1ccc(cc1Cl)c2cc(Cl)c(Cl)c(Cl)c2Cl ,-2.285173813046529
C1SC(=S)NC1(=O),0.5823604772434874
CCc1ccc(C)cc1,-0.0527628201100038
CC34CCC1C(CCC2=CC(=O)CCC12O)C3CCC4(O)C#C,-0.7447628306593305
CC(=O)c1ccccc1,0.8146070561264804
CCOP(=S)(OCC)SC(CCl)N2C(=O)c1ccccc1C2=O,-1.583694350297897
Fc1ccccc1,0.5681412989445286
CNC(=O)Oc1cccc(N=CN(C)C)c1,0.312196089563271
Oc2ccc1ncccc1c2 ,0.3975111593570234
CC(C)=CC3C(C(=O)OCc2cccc(Oc1ccccc1)c2)C3(C)C ,-1.062324479336076
CCCCCCCC#C,-0.588351869370784
Clc1ccc(Cl)c(c1)c2ccc(Cl)c(Cl)c2,-2.015009425366313
Cc1c(C)c(C)c(C)c(C)c1C,-1.057584753236423
Cc1ccccc1Cl,-0.2470915901957736
CN(C)C(=O)Oc1nc(nc(C)c1C)N(C)C,0.4970454074497348
FC(F)(F)C(Cl)Br ,0.6107988338414049
CCCC(C)(C)O,1.1890454179990613
CCCC1C(=O)N3N(C1=O)c2cc(C)ccc2N=C3N(C)C ,-0.255623097175149
CCCC(O)C=C,1.141648157002532
CC(=O)Nc1ccc(Cl)cc1,0.073787866750729
CCC,0.5017851335493878
CCOP(=S)(OCC)SCn1c(=O)oc2cc(Cl)ccc12,-1.0590066710663188
Oc1ccc2ccccc2c1,0.3406344461611885
CC(=O)OCC(=O)C3(O)CCC4C2CCC1=CC(=O)CCC1(C)C2C(=O)CC34C ,-0.5741326910718252
COc1ccc(cc1)C(O)(C2CC2)c3cncnc3 ,0.1908591014121561
Clc1ccc(cc1)c2ccc(Cl)cc2 ,-1.6879683244902612
C2c1ccccc1N(CCF)C(=O)c3ccccc23 ,-0.8533025583413824
CC(C)OC=O,1.1226892526039205
CNN,2.0564152942355456
CCCCC(CC)COC(=O)c1ccccc1C(=O)OCC(CC)CCCC,-1.8775573684763784
Ic1ccccc1,-0.0053655591134746
c1nccc(C(=O)NN)c1,1.4255577503717418
NC(=S)Nc1ccccc1,0.5823604772434874
ClC(Cl)=C(c1ccc(Cl)cc1)c2ccc(Cl)cc2,-1.8491190118784608
CC(C)Oc1cc(c(Cl)cc1Cl)n2nc(oc2=O)C(C)(C)C,-1.2784559894802494
CCSC(=O)N(CC(C)C)CC(C)C,-0.3229272077902205
O=C1N(COC(=O)CCCC)C(=O)C(N1)(c2ccccc2)c3ccccc3,-0.7959518725355819
C1Cc2ccccc2C1,-0.0195847374124335
CCOCCOCC,1.0563330872087795
CC(C)c1ccc(NC(=O)N(C)C)cc1,-0.2546751519552183
CC(C)(C)CCO,1.1843056918994082
COC(=O)c1cccnc1 ,1.20326459629802
CC(=O)CC(c1ccc(Cl)cc1)c2c(O)c3ccccc3oc2=O,-1.3462340727052862
COc1ccccc1O ,0.4923056813500819
ClCC(C)C,0.4733467769514702
CCC(C)C1(CC(Br)=C)C(=O)NC(=O)NC1=O ,0.1666864983039263
O=C1NC(=O)C(N1)(c2ccccc2)c3ccccc3,-0.5205737861457473
Clc1ccccc1,0.2932371851646593
Cc1cccc(C)c1,0.0846892367799308
CCCCCCCCBr,-0.9770094095423232
CCOP(=S)(OCC)Oc1ccc(cc1)S(C)=O ,0.3311549939618827
O=C2NC(=O)C1(CCC1)C(=O)N2,0.6368673273894959
COCOC,1.6487988496653945
O=C(Cn1ccnc1N(=O)=O)NCc2ccccc2,0.0894289628795836
CCN2c1nc(N(C)(CCO))ccc1NC(=O)c3cccnc23 ,-0.1712559726013268
CC/C=C/C,0.2174015675702125
Cc1cccc(C)c1O,0.8098673300268275
Nc1cccc(Cl)c1,0.7719495212296041
CCCC(=O)CCC,0.8051276039271746
Clc1ccc(cc1)C(c2ccc(Cl)cc2)C(Cl)(Cl)Cl,-1.967612164369784
CC(C)(C)C(=O)C(Oc1ccc(Cl)cc1)n2cncn2,-0.2897491250926499
Clc1ccc(Cl)cc1,-0.1285984377044506
CCCCc1c(C)nc(NCC)[nH]c1=O,-0.01389706609285
Oc1ccc(Cl)c(Cl)c1Cl,0.1557851282747246
CCOC(=O)c1ccccc1,0.3216755417625768
CCCCS,0.3880317071577175
CON(C)C(=O)Nc1ccc(Cl)cc1,0.2031823892712538
CCCOC(=O)c1ccc(N)cc1,0.2591111572471582
Oc1cc(Cl)c(Cl)c(Cl)c1Cl,-0.0717217245086155
CCCCOC(=O)CCCCCCCCC(=O)OCCCC,-0.4253052915427234
CCOC(=O)c1ccccc1S(=O)(=O)NN(C=O)c2nc(Cl)cc(OC)n2,-0.7476066663191223
COC(=O)c1ccc(O)cc1,0.5553440384754658
NC(=N)NS(=O)(=O)c1ccc(N)cc1 ,0.4780865030511231
ClCCCCl,0.6534563687382812
Brc1cc(Br)c(Br)cc1Br,-1.887036820675684
Clc1cc(Cl)c(c(Cl)c1)c2c(Cl)cc(Cl)cc2Cl ,-2.70700943591564
c1(C(=O)OCCCCCC(C)(C))c(C(=O)OCCCCCC(C)(C))cccc1,-1.724464215457589
Clc1cccc(Cl)c1Cl,-0.4745984429791138
CCN(CC)c1nc(Cl)nc(NC(C)C)n1,-0.3726943318365761
ClC1C(Cl)C(Cl)C(Cl)C(Cl)C1Cl,-0.7779409133569006
Oc1ccc(Cl)cc1C(=O)Nc2ccc(cc2Cl)N(=O)=O,-0.8063792699548183
Oc1cc(Cl)cc(Cl)c1Cl,0.1557851282747246
Clc1ccc(Br)cc1,-0.2992285772919557
C1Cc2cccc3cccc1c23,-0.7732011872572477
CCc1cccc(CC)c1N(COC)C(=O)CCl ,-0.1238587116047976
ClC(Cl)C(c1ccc(Cl)cc1)c2ccc(Cl)cc2 ,-1.9913107948680489
CCCC(C)CO,0.8951823998205801
CCCCCCCCC=C,-1.1902970840267046
CCOc1ccc(cc1)C(C)(C)COCc3cccc(Oc2ccccc2)c3,-2.654872448819457
Cc1c(F)c(F)c(COC(=O)C2C(C=C(Cl)C(F)(F)F)C2(C)C)c(F)c1F,-2.048661480673849
COP(=S)(OC)Oc1cc(Cl)c(Br)cc1Cl,-1.4652011978065742
O=C1NC(=O)NC(=O)C1(CC)C(C)CCC,0.2884974590650063
Oc1c(Cl)c(Cl)cc(Cl)c1Cl,-0.1759956987009799
CC(C)OC(C)C,0.899922125920233
ClCC(Cl)(Cl)Cl,0.3880317071577175
CCOP(=S)(OCC)Oc1ccc(cc1)N(=O)=O,-0.7874203655562066
CCSCc1ccccc1OC(=O)NC ,0.430689242054594
O=C1NC(=O)NC(=O)C1(CC)C(C)C,0.4031988306766069
Cn1cnc2n(C)c(=O)n(C)c(=O)c12,1.0060919905524586
CCCC=O,1.4165522707824014
CCC1CCCCC1,-0.5930915954704369
CC1=CCC(CC1)C(C)=C,-0.5978313215700897
Clc1cccc2ccccc12,-0.4414203602815434
Cc1ccccc1,0.3738125288587589
